,City_From,City_To,Price,Date_To,Date_Back,Night,Link
0,Budapest,Brussels,EUR: 28,2024-01-14T05:50:00,2024-01-21T08:35:00,7,https://www.kiwi.com/deep?affilid=istvanpisti&currency=EUR&flightsId=0b77091e4d18000087fcf175_0%7C091e0b774d1f000032dd8284_0&from=BUD&lang=en&passengers=1&to=CRL&booking_token=GYOe8rX06-J6KSLC-fGotwGgTC54riwImXoPTItsRJdNC9O6NA4_vYS47cd-ZuQ6HRWZL9hknlVGTh_G5nVP4pziXp6kSKV2GOBoyqMCsqOW0Nn55TlCF8H2OadtRhME8aBhrOx1GOStXLcvO3oF2Wtfor7LWqi2KsH4CmHD_JSNeSTPuylUHIu8zrlQd-G7eEsZTiHJ0XK22cAgYlU8u3Zg5egEJtIoL5YDIfH1hvF60RvHGo_6FfWKl1HzQ53xAzVUqHjtJB30dReqjDoWbA_LaZbAh-71aBGoeuuuSW2KqMQzH2GkS7waLssK3Qb5jiuTl0ZAOZFZiejKLWjlukStdchODcx-oO2F30K4Zjo3vzf2FmmRrpwO3LzFrziuV4yjMvPxS-ryHT_KPfYDIKYWCdzB7FWQn-hqRo9y9hQ1buUMN7VssgW22duoe5bLsjdyz5ZffJurk_00dJyE1IItW0l_dXVQzluCFvE0TnxoN5a2XNUESx60rYdThpK0TYNFpt91Zqd5B7SVNgG9obIyWdSccYgnbRJQWaU0uBggNVgBW9Q7wPPPpw370OMxwQGa2oP5gLULKPgc5uVKSzgu_KYIk6-OQxnugHtg8BBM=
1,Budapest,Brussels,EUR: 28,2024-02-13T06:00:00,2024-02-17T08:45:00,4,https://www.kiwi.com/deep?affilid=istvanpisti&currency=EUR&flightsId=0b77091e4d3600004246e611_0%7C091e0b774d3a00000f4d52f4_0&from=BUD&lang=en&passengers=1&to=CRL&booking_token=G2YaY_x9mg_wUyoLu4eBiqurRFzfKrbDzOFRvODvr_trjom8o0C8H5SwXY2X5hZqgMefxRSQgI8jU-NWoh65dWEnLGw_Q0y1Aae7ZXZyh0G5HW6fp_Fyzl6cTU-PVItlBkDQ6DIuL8CwB0fhGcBpVEv5TIsI7KRlZRVX9bAaOWKxvafGhA9okAl0o3_aspaTiIltabpFJPGHScPUU85_Nd8TZok5k5B_OQlEY6K3rnvGiPSBsV30nbn22hW7n9FOr7CNbrLw1ZZnX--xcgSPz4CMhObbXhfLjY1NzF9x0rKoWfpNBM-h2wiY9iMcqx3U4GihLKGkUr4EPJoHWOMtDLqDE2-IsvTyAKuTPP2lAcWx5pK0sQsa83en4a-76QbBeYhgNGedwgK4R_cb2e9NsH1LXvRtSC3aDYP0moF8scGs8fu97LN2mfWUozhCOrsrOW-Dg4eOx3iFoE27k46XVwRA2qrBi01Na3fnetMCamS53uxAHoch2BhmmozazoSdkD1GoWEpDKAEEgZJHix43ZRk8ThGKKX88E3N9DnxmdbSuGgB_Pec-At5_zdyKG7EQ_zMCIkfWWWNY1_9WrvJadw==
2,Budapest,Brussels,EUR: 28,2024-02-14T05:50:00,2024-02-20T08:45:00,6,https://www.kiwi.com/deep?affilid=istvanpisti&currency=EUR&flightsId=0b77091e4d3700000df6bdb5_0%7C091e0b774d3d0000dd9fb350_0&from=BUD&lang=en&passengers=1&to=CRL&booking_token=GsCzFZjxAhezkMtMT6wMOcMyOI05jok4yVSBG8ajYJBIpcmoCrJ2bQ-xTDgFMeMi1k6UtbgfrIPZX-v7_ogb8Avt2icTJBKhM-w_lJvxCOHoeo2VOO1O70YybP9Liqx4mGCXfTc1DYLn-GfefBQG_pMoveV4xHsX0jTszBe3ka5ZOaVxhJsw_PsD3h0i5T-FIDxXlvonYVcEYoL8Az5nwILXIUMIvAnJsA6zg7a-TnM7rAJ2DyMSKJ6DBWi_6WMbPNboYE-905z00Djlj6_yRiZhnRDa2L_SIG3KU_lSfO-qwi79FhoXjntgR--4MGUhO0iVsj4u37InUNi4TCAFwxm-rZg2aZMl8G1M4uCxYODYKb7-2HtSe38Nvl1yrj285Xhl8uLlfl8YWz-AhKjE6SV-Auw0BX1VutL5n7hxgTbotG4QRCVMzgUmED1YmC9cgwoYImJLhuAAXrxaH31cNJdQpLzxG1Ld3K_Jl9NdValCKsAtaR5XA4ACiQJmTvRTJ9Je69KGIiFSNvD16KEV2jcdzANW7_XCeV2tRrw8BOSJtRe3WcFDxhZ9AziHv7J7dqGQkXjRRgs8DAGC4fUPVHQ==
3,Budapest,Brussels,EUR: 28,2024-02-05T06:00:00,2024-02-07T08:35:00,2,https://www.kiwi.com/deep?affilid=istvanpisti&currency=EUR&flightsId=0b77091e4d2e00007b5dadee_0%7C091e0b774d3000000be4f8ea_0&from=BUD&lang=en&passengers=1&to=CRL&booking_token=Gp85B-iFnTMXvytxR_8UO2DeoYENLaEm6_p3aHD36twC7lvK3qW58tN7mfeif-XOptxYWKDmd_DenHrNCQAm8TA8y0F9O5aSb0AdDuvd1ARE4fNjlsGgNmt1x0eGOF6tu1slhQC-xeoLfTEqUHGpIMOtvQnfSxaPCWB7lRGm5TWLoWl5B74VwpczrDsBPqwYtBZgWoshUE2WrcwYjETwijiI8_6FXhbwAEjXeAlGDyWrxjaUt0Qhn8dqmDS8ie7LjtWVyh2xpkxkLnAZh56-ZtOGeu0DH1EXwJZwAjbSa5S3_PKT1uWoriPFDuhLmca0O9mx3-UmPmHe0u-K_PRXJrdZ_W6S0azOoSBxHANb8K2vMln7hyt9sVaJHPJO8HNlGUr5Cx-9xIxGWe7IBqMVMKMWEj5FBzIX1vk8UK4En1_zc0WP5MkzC4FDo7rIVYwzOXtG2sYEKeaBMb4FKe_z8CxjqLSMi9r_OmfLK97Z9MqFsnURuVpy9IdpOi-1A20hq_ORjA23n7_pZckPsd7XXS4bYCQZ_nOJIi9vyWW3wBn9K9bMjH7QDU2XzPViNGnAT4fC5UOgZbjMV-CTNMI2YPJg8mlhSwwif10_IL0y-I-kOCm4KDx31apK84ma91qKy
4,Budapest,Brussels,EUR: 28,2024-02-14T05:50:00,2024-02-19T08:45:00,5,https://www.kiwi.com/deep?affilid=istvanpisti&currency=EUR&flightsId=0b77091e4d3700000df6bdb5_0%7C091e0b774d3c00003be982a5_0&from=BUD&lang=en&passengers=1&to=CRL&booking_token=Gl1pDe79IWUWw_xPF7dxAajdXy7I0P1uVtPVx6tJvZneoHzrc9KW0GSeMQMiiQNHAAF6GKjXmdWEIuTfFP1yQUk4yNwgu54WRdeaNL3huIm5iYY8G3_9jyO-XP_lrTDsj7I5V3OdZo9NrFwkEEaNgdgEBtZGL1RjW-TzFbdUV0_2RErDZkrTxm58htvQoPlRkl4H1H90LBsOIzMHDS-v5zXtbGn1BYNqK4JwfP32bWYW6r75YLwQZy9kdyhkCNG4PoZ4E9ISBuAy1va4fEQ8FZBT6KsylmHJReCUgWypoxfKF87l1iqif750A3AB6YfgTyVSpNu7jzvT0FFrKxNOjdCmyeBHGA4H03K1OZRawJhSX6qywzsdWciSYv7EWMOKEKdvsekq4qhqgkllcuWyxgF50tF5GawLldMOWtd_Kc5yiXzXyGQL43qHnpHFVKyMSLQRRGi00I8bp8LugOoNYb8V7HNtD8tif82VqqqxK8dZShtINDqbllj-cI9xinnAnKesbwJJ6weLpxtVtujIvtsySyzcnIvlxu7SoFUfgoSE=
5,Budapest,Brussels,EUR: 28,2024-02-13T06:00:00,2024-02-20T08:45:00,7,https://www.kiwi.com/deep?affilid=istvanpisti&currency=EUR&flightsId=0b77091e4d3600004246e611_0%7C091e0b774d3d0000dd9fb350_0&from=BUD&lang=en&passengers=1&to=CRL&booking_token=G-t0oXGT1CxD83uwOc52PLjGRy8Wgx1zQN1cWfjdz6g7QNusJF54RHH1xNfHgG9Z_6MfI1l3co1hs61pDO2ESGtg2xWT-5CMs3_UlXVQm5KnKAq6_lWzeRzrXVUgzp-__6YZtRN44Kx6vdn5SgkF2Cs6IuEslErbiL1xWmaS7dF_SbUN9_R05A5aOCMg8wO00nWJRqPgHmdqIUi27vziwjRfvVEgjChyVP9g9FbWU_aO8NhGyIicqHwOu4iVxwYx6E0bcdM4iPeAzel5L4AY0sCmFQdPuAdiBKYoYyhG1YFnGh5gGcJYdMwU81JUih6BWUSPKd4pKlzXej6JiUdXNzh9YTYomyLlaCYzZ2PCApJ1fac7hanLhUUq3Qnbw1yopxTzejpBeTdnkLi0knYC5wfu6QPC8KJB_ptCRTVq32CUzdo8Rj_jXPycP4Wwkb3e6vKNCpSYhDOEbITxrMPyOB5R-Mdwu7PnDRRtw6EVqK8akej3ElxJde9-t9uTXNKlQq-PsU6imi-AXHqJb_tLxgpTpk9saqZ034G_OHFV1_Sbr7Phl840W8iJrw55dILO2XPMTX9KWO8JPzhD-LQL6ArwrVk7WObMqkssxYt4bfGA=
6,Budapest,Brussels,EUR: 28,2024-01-24T05:50:00,2024-01-30T08:45:00,6,https://www.kiwi.com/deep?affilid=istvanpisti&currency=EUR&flightsId=0b77091e4d220000763c4dc7_0%7C091e0b774d280000f647a807_0&from=BUD&lang=en&passengers=1&to=CRL&booking_token=GygehmRYdLgCNvXT8k9gde3dE1IViZlXaxEL6_Y3QP-r4kPzY6MK4sRAwfTDkho_nFsY7B20DKbHrJgjClWnwygPDbVxJylceWvkJO6WHO_sw3HYpSkfVTyTr-IxsaEKt2NjnvDJiqd3Om8xCzJYz_jKMS6QKehLzDKxAU4Xxqe66TyNnDHkKPbZoZEE3voI_RVnPbdzVhEi7epf4g6fM760Lhavi2tNKImtQracDUqHqljhjy7aqkQDnTR4_zn-7Tn7liMREdEEPrQyJLD0tgl7SNIy6rv0I9j-bW3tM16oULFM92v9HMzbIQVZr494Fh81DaCPz6Qy4qmtOw0Z1InjZdw_QQ44SEN9uOAY-Ucop_WvzMkF_ygeKdQSJJGHGg7iJkFsjfkP8BjOE0heAFuZbSdD6YINI6buwPcfS2d0HjJjzMlV3HC3rslK_JnnXRkNidCVrNdhix6xv8qadXl26dedPcWWw1xmDz2n7vsnNSt7bP7bTrZ1UlrUGLXF74miAj1CjEKB_Z8UfMcUr12AeiuEe8WpeodbWp1QKqfusV77MXHJ_yRwoFd70zc5ivYAdGEjgJg70Wm2mhmkH1n1wWKUPEE53bc2qtyIaAWQ=
7,Budapest,Brussels,EUR: 28,2024-01-21T05:50:00,2024-01-24T08:35:00,3,https://www.kiwi.com/deep?affilid=istvanpisti&currency=EUR&flightsId=0b77091e4d1f0000e3b177fe_0%7C091e0b774d220000a750b8bd_0&from=BUD&lang=en&passengers=1&to=CRL&booking_token=G4Dv2MI1-j4QbAB8xCZ0Yp9RWTeYqwcwf3m3J_yurSG_F1pP0xSa8gGr6dJNmZ2vAGIZPtCUFTwmHPacs7TxV03jy1m1KGf40Aljk4rEtH0M5eFldL9asMB_uz516S0eOjWwSE6AqNCDVh64KvNEujISRjTClK_TaIyb8TO-CKRQR7n-llaowG09zt1_MCwGRlcudgDTJh9a3LFS6XPEf_qCBzizqMWgoGLh5xu2D6Cq4oaVdcDtrS7eJn9e3d8H3gc9Cr6ONdajSvaMxcs023HoTBSfqtsoRDwfXxo8uOa0qiLDcf7_q_i-MG6-9ze_ZwrY0CjIcFhi5AUxTKRD9PTO4FyqibT1JqznLkIn4Ke7EkOvx5lAgcOmoBydkjdImcgYSAujWufN3FIOQJXa_nD3lhTUyYBxB0ctA-JTunW3UV_nb7PnbejvlGGaO-7paB53vm0PhbT6c2sM-cYESybDjf20L0bfh_JiPH6dqwr23FSWZujSil0H5wwhfy8PwAs3ODH4qK7iHm9zHOWZw4u4-XLm9YX8MhiuUg9ddhisddfqnghMhFGDnrOtgUxzpAkCrr_r3s-pi8XeiieqeZSoqxo8HmDD0rpx8A_gpRE4=
8,Budapest,Brussels,EUR: 28,2024-02-14T05:50:00,2024-02-17T08:45:00,3,https://www.kiwi.com/deep?affilid=istvanpisti&currency=EUR&flightsId=0b77091e4d3700000df6bdb5_0%7C091e0b774d3a00000f4d52f4_0&from=BUD&lang=en&passengers=1&to=CRL&booking_token=GkOUscTE_6_H7aqXWH2mrSXj0FzkXyQ-Q9nJ2jbKrY0mUPLRxh8J5I8Ussr7bi_YOh8hlCtB8PClAieAZ-f_N6J5dAtAGRmap_rEYFeByrNeYFHkfiUKuPaUXo_JR2hWBDSw8QApLX7ERB3FP224M4tm7fSrIeZSkTWMfwtjIMntenhOYTIFNJRnTP64M9skD1m4OWR4QADM9m8-WDjBZ_gOTbDnPo8No1YYhulfMLPrwg60m843_HzSR-WnhL1Ayj1wBjMnaJupZRt3iVtJTaHNWo87DYvKv_3zOZc5EurONPOljW6NhXuTndn3D7I0VR7RaszU9rtL0Gg0hdjSCc71O4zAvDQ1fzQ68uUtxVZdWSJzELkxfHBq-n-475aeBCl3Pl6gGcwkUIPgs7ZgJxH0q-fmt6_2BBAjYRwwngpffIJIzUwuD5wZx7BPGuRwtwM_VLokONwZkWGco4bKaKn6hoJqIppAxE-bQlQKPo0rl4pR9rmmTJ1IntxZlKSQZka9LgB6PboeQsoPuzAZ1m4UyZutJ5H5kINpcuvEpDao=
9,Budapest,Brussels,EUR: 28,2024-01-21T05:50:00,2024-01-23T08:45:00,2,https://www.kiwi.com/deep?affilid=istvanpisti&currency=EUR&flightsId=0b77091e4d1f0000e3b177fe_0%7C091e0b774d21000022ca1225_0&from=BUD&lang=en&passengers=1&to=CRL&booking_token=GyG1ittyR6H-wJTAFpjwlDP2V0k_JYDJg_0mKeyP4BoX-wV-xzl3-QCAUBBxG8oNxllbEFrk1IXLovQlt-f2FG9A6keqGyxgTSVq0-mj0R5tNHPnAFjs0Q6_LEvOML7m0Ffw0flJs8q1wwj7UYJewext1cJxmueVih512-c6mEHoI1ZdCLecmwrr4Hg5ryU57SaswM0q6J_XLLh19Php3io8O_tVjNHLoAZsx_q-M66NvI8oQxmGVLE-I7YPNiaqdJshY3F8gnATFI3r8eHsr5i2SujGiUnO5BLTtOLvQfAPYzslXrLjkzIdyEanEvh51roCe4HnuSqFVGP0spluaAEVCXgXenJOebV0zWMl-jo_1-HPpmL1SB9GKtDjCzq_fT5hKPHCpB_5oeLU7NarnREt7FqVQpwrbYsHNtPsM7ZlFy7ePA-P75QhzfTKfs1whc7Ekr-bMzyw9TuX2CB0bzW70ttPk1E1L_TslA4KtuUFixUeJ7ySf6eEaIEHC6svstamydzI4H-2ljdTOgnmsU8GTL4uTeE8Y6vhobI8tRYY8TeyilheRVZE4U9a8xcmsC9F4biUC7Sq-2JPKDnOXRZ4tp2r30fvGlBBb3KfeqNE=
10,Budapest,Brussels,EUR: 28,2024-01-15T06:00:00,2024-01-21T08:35:00,6,https://www.kiwi.com/deep?affilid=istvanpisti&currency=EUR&flightsId=0b77091e4d1900002462cb02_0%7C091e0b774d1f000032dd8284_0&from=BUD&lang=en&passengers=1&to=CRL&booking_token=GkJggK_KySZi0pxGU1y2jQma6oTsSFg72_3ANc2im3d8iVg1ZaBXdqFC906npbWD9U3MIZpnl3jjQMFuGc3pMKcBBmBUYLNtg-CTO9Cj4BhRXNGuWNL6E_67Cqc4O_lzCdwJHXSdNGN8H5l6HC0P4Cyhc_Feyli1Is0zqCr2c0MvnGtZIarPA3NKgD6hE1BYBPkf_HgJBMlTWiM_7CyZ10jsHAhovZ9-RzCrbzWLvwn4wU5gndXxCBoIaTAL7_AJGuHa69Dsj33_7SGYiovXWKllrFb9DfVTeF9KrJ0i1zNPA905qAyoz2g-CqZ0GhXtsDKX-REeVzb1PJ_9VVOy8rMrFZ8U4MPoRpNS2pRMAgeK4RByeJYe-VzHbBIgC-a0JszEY0y_vpsesp6e6Pm3FDFT2ilRcqu_J-pZK4WriCJWghrjphCGKe_4sWcBZde46U_6VO4PC3ePKJyHehzZcu1GD_l21nJiOb9G9x7VMG6J_6v5Q7Z63Z0lnRfUueg9JQjIVcGkQu70Kw7PYT5hxQnQfxtSbdSZJ4yEYQCXxL5dWlHC7EYSk2Z7_q2BSeMrU_yYnkF_AfmivhZi8JcvS-gz2YeGWlWIYsFlEvs4S3x76iy7VMQoaohdkfGCc9qP1
11,Budapest,Brussels,EUR: 28,2024-02-05T06:00:00,2024-02-08T08:45:00,3,https://www.kiwi.com/deep?affilid=istvanpisti&currency=EUR&flightsId=0b77091e4d2e00007b5dadee_0%7C091e0b774d310000f8fbc3df_0&from=BUD&lang=en&passengers=1&to=CRL&booking_token=GGgwok9SwxmxTfP29mlT3WMgy-2Wb4OLN4s90o42HqDVB2xXFqxCbSqw2j_JNzoMn3t60X7UFGDYABgZNz-Z3A8K5GDHBYEeq90oICxD1e46CxvfhRUpHAdyFtO90yFxzvwSoMLfMDIjAVXt4m7jQsIKr1x_jfO9dHn6y_2wzN5rFzLN5wbU_qQ1oGmtWUs6V5tNMCsMLveztFSJ38i8ANEFFSX-HvYHUiuT-jkyUBosZQLrvB-EAtzbEKIWUPrNKilqkn7t9giT5rAr2U2lPW4IBZvAiK5iQLk7_kl9Foy0tMY6YF91YaCubnz8aWJG4CDGpayvrLbGyZh9GyRgVOhgjDpX6GSQMcW9S0otVjkTYSHWdGnS5RPBa0dtMzREreOKt-JcX4f1gxtOGH_jw2hLYoSIZh8FaRRyN5ctbcGaT-wAqrX7VNBmE04F_an0MNrJ5cpyt3qKjSRntkl7L9J1TZciqSayK3m6w0KSsFQ03v5D2ymNmNjcklIFR01iNRi_yMrt08A_oO_dgRa5t6l8UCHF4O-7eIgD-8QP0Path9ISXmmz3Ce39EdSMV8G3r7cQNIRh5yxgwE41LAlexl_6Zib13oeG98UZNnrDRe2Nw4CYBkl_a8d29EqYMI4q
12,Budapest,Brussels,EUR: 28,2024-01-17T05:50:00,2024-01-21T08:35:00,4,https://www.kiwi.com/deep?affilid=istvanpisti&currency=EUR&flightsId=0b77091e4d1b0000edd367a1_0%7C091e0b774d1f000032dd8284_0&from=BUD&lang=en&passengers=1&to=CRL&booking_token=GM5XhqxXha9iJ3tJjl8Tcb7FS7yMPeEDwDIHUxWufQrNULwkewllAibIo-0dasWmGisuQNNQldcjM31cOOkyu-JPrvBePOsi6o6kgCCpfS85c7f638Jd58zua-PIgs9mM1A5Lmn08bPnoi5T_bsGCQx6ATsHFwaNBlhGazefSQgsHToAfi9RYB4B6wdfobCDct2XaDfAbjTPnvbygq9he7RBuPU-Q-HN8ocX7UNCZ-zuMwEqSXV7ywr6SM0VYp3DBB5xbSDhx_IztioJqSO2Ss2dByJiP2FW2yGUdoFOOe4FDu6JhZK4SQFN1XQffUqOK-9Vro3ZJEeIfB5Id8EHfxWZwRQtb5Adr63DikzDFpuTGOUqryPJ_WtrS0RkUuVwJH72Yh0lqHq_XbJIfbmAWltx7pu0lmCbZXvhspPtjGXJwnRcAYowYhRvtUFLrz6zBuiuRHeqEn3dDpaHDG5okdNj2OzB5qHIe7OEfYUY-LOLnNsX-zxZGEdRg65Hqg17pYJFAtQi2Pb2YswjT4c0LpOXMYzOAZxdRsHt4zQJBztsBzXPEglqqpbJxfbn8t7l5Drkmd0pUC1hP1C7OkICgfsui1c1K520ZcAkfEFYqqtY=
13,Budapest,Brussels,EUR: 28,2024-01-17T05:50:00,2024-01-23T08:45:00,6,https://www.kiwi.com/deep?affilid=istvanpisti&currency=EUR&flightsId=0b77091e4d1b0000edd367a1_0%7C091e0b774d21000022ca1225_0&from=BUD&lang=en&passengers=1&to=CRL&booking_token=GHvJV15AC35PCeXb6xgu6is8TWbSHbQYRiuxgi3rbfMbA-sX-X05wvzb9MNsgjWcpaOc8kr01jqs6oYqid9Wr2JwMuvrsa2NjpPsSEg4oVfX5PST3C47usFAiFzL7ibE5wU8KV_05eZaguvXnj6N0HYNxqLrlf8hpzAtNpSqg20weAbA45GR3XW7n1e7iewvFlSfaRFv2wjwPZ8hR1WLAbIrRcCzWco5-uHOwFgdycSA7tk1S3gN7Z6prHtkxDyGIIUQlfISz1qZMi6hqGQ5dGpT_gmG-xYFfaWQ-scrf1twJ9h7egSZY58aoS6bfXE2oVtryVzljfDDUyUXYkqKhtIRn7X6Q3Hn8nv3ChPM6pNM3TTRz5RBepWFsTfPdlNdi2XD95N62FzrAjJ8ifWz5TF0wbbZvqbMGHQl-05t1_31KXbt76YQOLwBlMe_rL8UGDzMbTVhHWY0mgU7He2-t-W6Epa6OwLDsNY1QjgoBJOQphzox5k9U9j_I_TvJP9Y53eqLgljzo4Mn26qNaBpVGyyNwOiVpN9WGQNM-brvJQytt3NPFZ1ev9kvLCSIewr_gAbxHLQMlJbH8H3TtcU3ig==
14,Budapest,Brussels,EUR: 28,2024-01-13T06:00:00,2024-01-16T08:45:00,3,https://www.kiwi.com/deep?affilid=istvanpisti&currency=EUR&flightsId=0b77091e4d170000a24f8549_0%7C091e0b774d1a00000015d301_0&from=BUD&lang=en&passengers=1&to=CRL&booking_token=GwwbwDcGE1FWzhYNDEpLuIWeQs9Tc1Cmt1BVRsc97o3BCsgyCamiRBsaFwyS722Z2OdJrZE7v0FKifFQrL4F-pHGJVO0nSvBlY7q0EjHdaJBdN7ZfearZx9HdbC1tP43jJzFlJqu64E00ItMUq9UeQLUguvqZOdZtyhmIWPBWyaU5AFm3wcLDfF9BkbMiJ39IKbi7wvMOmsn4U8PZLL4tWeMqCjfsyScKVS7eLwyC91raxwmG8YJxUz79gfml8mDXxKBuAzfC4y5fFWgCdjvplQYmRHG6ziMURtGuvGAOW2XFsMdhrs5YKKcJZjUlKAAcwe2TX4VRYb8Y5-_22dQ0O_q50Wm4iRgRWZEDGXSC01nD2259I1e2TZoJ6As0e8lziz-NSPaDgvJ40DGppSKdvnKXAK4ot3j09sfFWkdWJaH8OhVvpEmPlBffOUmNhSj1GF-zw8qB2ghRDEF-Z3Urx5kIt5p6Gzx9_JF3JV3ElfS7bAXOFAsuTl4RAFqo9GsjF26IxYqjznxWkvADAsFRC33Hx3Cx-h3S6FplbQARBTU=
15,Budapest,Brussels,EUR: 28,2024-01-16T06:00:00,2024-01-20T08:45:00,4,https://www.kiwi.com/deep?affilid=istvanpisti&currency=EUR&flightsId=0b77091e4d1a0000d179267b_0%7C091e0b774d1e0000ae4752d1_0&from=BUD&lang=en&passengers=1&to=CRL&booking_token=GX_EhSLnogvfYkyphMH1jlaoT3x8VNf9OCLSzd5zYeK1A6ckmSvrziU1YVwjRMw4ABQSiVC84kHlKz29bC7UvA7-zBL_NqDkhD5JlrrClKrKSHRCrq01CAe7rnPlS67IA5K8yqCl5NhklJg6leNl-SwurfnL00KAMFZXS_0NlSa3LfrSPhtUczkNRPv9syQ2bb2a0m6iV67iDn9zk3C5t7BAQ9OSoRpXDxI1RJ1tFwe3USjR_nk_2wApvgGA-Pud-sr_7soKlWi0NtB-eqcE5os24nzOrpKs_KJrRxBVwRm1rRQkOKqyaLDVCMqYgc7b6_6Kbzmy8_8q5tjaSqlicJovF7gHkV943ryI-BNg517aQ-pJBoAtDs7qA2fTCBJwcE3g-kHDS86RFacNW25La4Y_ppAzKvR15xXwk8GJrMOf6633sCyYG_Qp1T-WO3K6NuawwNMFetP5a9hLYkDXxElU2oOhqHhvg7_Vyx0TjL0dvVVSNXxUD5zDkQ9R4shUCkDZ3bQUMk4uBfSarwGB00S-kWo7jBBgynQpB3co-WUwhq4PBGO4b4NXQQryMOwh8UEdTUSTGCR22bMvinfudEw==
16,Budapest,Brussels,EUR: 28,2024-01-28T05:50:00,2024-01-31T08:35:00,3,https://www.kiwi.com/deep?affilid=istvanpisti&currency=EUR&flightsId=0b77091e4d260000f96aaaf7_0%7C091e0b774d29000078c59c2e_0&from=BUD&lang=en&passengers=1&to=CRL&booking_token=GuC2dIJnYY8C77sH5U9343fEmQCe3-V5Ti-yPt6VbHm5MOrGBvYhbclI2bQcXg1F3mHIS7dU2-k_T03b21cuZ9tUHg_r8RX0BZRbm-X3pOFl740ZGuowRz7v7lZSpshPSVyySsagLmb6BWI0AaMFzQF9HIzopdzGhll78u7FG1AmsmVGlkdY96sUzmOrg4HZsGa8jZ4VCCZIQytb2xmaffZ5OxoFCRIcXEXyYuhj3GwQxIfVVeJvnUq2ohyoFvBV00oybJBT9Oxg1qhUmrxb9EcNmccRUMQVby0c3z1qXlcsT_J1SNeluq_LcFB6yQGT-5F4WA_8IUepjNLjmxziDKtwd5wSwKmvwaDolqe3TOZgocazJ0JomZZZ-h2wBqUs20-TbH5svTHrydc9rJJOvj6oIK16od8kAJ_ASrNu8eWr-_MLEv8ntmiR1gKoLN_7q4mcHSkIKzrIS2KSsguKBWn1HaPXOqriKVcfZjS6V67bmYhZzPoXiVE5705VKuodXz7-SvGxGXnUNxWgGzHPlk2Tnh7_vM0Am5tV5oSYZu9Ik8x4y5HGnkqp5z426lARVJDxMJ65-gDw8QP-Y8rGu0hBDEJsGpx5yrHQF-RuOvq4=
17,Budapest,Brussels,EUR: 28,2024-02-12T06:00:00,2024-02-19T08:45:00,7,https://www.kiwi.com/deep?affilid=istvanpisti&currency=EUR&flightsId=0b77091e4d350000b5ac0d19_0%7C091e0b774d3c00003be982a5_0&from=BUD&lang=en&passengers=1&to=CRL&booking_token=G6iV6hgMeX2I_Rs2E4WUQFbXoBbW4zdh9s6z--FB1UE3x33KQK6oRL-x4kl8kHBHwuKRPNiWhs-hYrkaCRSUuFWppTbYDQgl876EjCNPDHF_dLrJ2c6xl_6PqtGkvs4X8nE1vrCtqpFUa7Qi6pTN1ZaHegnrnLY2bvNY4zAwfdnQgxLpiAQUqbK1_hrSXkoA_yMtenDOILdaHPgZ0FPo-8Y5o6Ry6SItuqxkcv1a19zl9AoZAKElsXee7xuQBOHKalMloCDHacTk0MTjmXC0w4-Ag62N9gOfier_zoN3Z1ImRnSEx3uEPFQXNMaSKmNfAdNYAQlxnieb2HphsWRgqPEXuvFaFvU7Vt7YguyxKWFaeW6H1tNJYzJx5M5CcbSvLsaYjCjlYuYLOIz-VeQgs_VeLwcahl9SnWdekxq-27kt2R-G2tL5Twc5yyHbUFq9O9kXPEfsERUo1Zyd1nnKMsnWzpKBljwqx9hMMRbA1TCEvhIZISiTNWhcliNMD_GbJl9AIvoPJQg0nbFeC-05NhwLFoWcCvY2_mM07f2v3enQ=
18,Budapest,Brussels,EUR: 28,2024-01-18T06:00:00,2024-01-24T08:35:00,6,https://www.kiwi.com/deep?affilid=istvanpisti&currency=EUR&flightsId=0b77091e4d1c0000d757654e_0%7C091e0b774d220000a750b8bd_0&from=BUD&lang=en&passengers=1&to=CRL&booking_token=GYmtOt4vIapJBPY6bkf2OV1xh7Z8Cj7tPPBW37fj2c1vqOj5mwmZ_8QCQxkHGvlccGPg-A9OU8DGgo4myoc3JaLAOmBO8pVCVJQg25OtQiQvg3D80cteWFc12q8qNs75FBHWD762a3Jc1wtuSWCWOOFEWL65rDmhCGis53JJPcCAgUZ7bGdqMuuz49Nj5TDCSU-34CFcWEqdyekMvdKjdtt0aBo85Av4qVbeHpVshjlerOahAGBB2O0UQU5Bxp3GmwjN0RrPdjtHeK1X8yr-YFrfyQ2-Kecc2__icrxfIzZ3D6lGX2kOyfhxzCPkhotIf6ZJ2o6IU9yM9QDTJAqPOTcE18c-ECfLoLe8FlpezAKY69AU9eDRXccecpLk9Qie4ZXYCDx8guE_3r8Kba4ql16wiCRF7RDE-vEhZSMmjR0W9HX6O1byaXri24MmETrQKNUVPij3FZyTBCB0jmuZP0vnUO7lh373K56kX4DwFvOCWDK1d0MrsyPWu7fcFjdIyGbrX4FZM7zT250xq4h9erOPz4dKjak5FC6ZyeQpcRkxLmvYDT5z6ZVBg9KkP7kYu
19,Budapest,Brussels,EUR: 28,2024-01-28T05:50:00,2024-01-30T08:45:00,2,https://www.kiwi.com/deep?affilid=istvanpisti&currency=EUR&flightsId=0b77091e4d260000f96aaaf7_0%7C091e0b774d280000f647a807_0&from=BUD&lang=en&passengers=1&to=CRL&booking_token=GE3lAb0ZyD2Lsbmr1FFOUmgbFD2K3RY5nQfPZPrpg_ehzfDCHquIkaVl3R0JQ3WStNz0Bh9azCtf7B9jgV9-uyWUD8LyQNbVw_-8Nb5-Zw5voUCUXmoUHhneW-PmS6HtHfgdEltbTZhbEqc8KpbMFd_LnUe7nje7bFBE9P1sEUvPZjdBbeT9dczHYq2RPqZDQ8GKYByWtIjazmtkOU0yxZkUQizVuwy-tVCt3OQ9LT7KWlLlaJIHtWDCDG2_YqKmac5JozaqonR1oDYD7Ne3rKX4mStPUG1pQCJHfkui9rTlqYdIA59W5NycMUQCw3ct0KPBQx4UAksnLm0I3oWsIrPFWIbY6o4dO6eYMHT6AoeAE9rrcLNh3ZLMfzX6zfbE0JfT_gMrgck6LrTNE9enBy-CO7mNlpIIOUmj8_kfBM9TmirKMLJJfmRx6uqHfgMab-cwWFNToAoDxP0W3vBPbfom4zL8YIjc4YaWYggQR1RjK5V8KQwyWPhKte4714e-ZPIM1s4Im1s4I6IQ8vmNji27GYi0DzZSqt86oZNWS4bW1KigVrc-_JU6TI3p0Wlh2vJWXRHyRhcB_zJfxoxxNd_orfQSVZ2ho3F1KZ5AxvRs=
20,Budapest,Brussels,EUR: 28,2024-01-24T05:50:00,2024-01-31T08:35:00,7,https://www.kiwi.com/deep?affilid=istvanpisti&currency=EUR&flightsId=0b77091e4d220000763c4dc7_0%7C091e0b774d29000078c59c2e_0&from=BUD&lang=en&passengers=1&to=CRL&booking_token=GE0xtZWCwHmrWO-ZQ9MNaeAaoH11QTdJCMSvLe3KW1NS_RcH5uJKnlMDM-ELKsJVNnjFAhyT9hdF-DO87E1LOz9zjujSvKqrT3_CwtTldDCfQpFayJLGouUTjbzthGacWziPfwaawxYe81DOzXueJqllMvX23e7e9If8s14sWyeRg-xtydoOhUt_tXiP5lCKokuAds-4Rdkp3Ghpn1dtfrrFuX4RnzpSDUfa0XFfdgo8tbFkYJ-Z_iiiUDCxmYgympHRQp-jpW7-GI12tLTvlIqxvIQDRwK3MODJ-wF8laiLh97Pu2jiWnIDggEW7BaQpvNMPGt621J4Ut21ZIZO5IVeM4Zgw7E6g-29HlB5qfitmdarYSrw4OhiQvF757P-5_I_1NFT2WtvWR5sGnMupc2cs-CwT0PfHtadP_zaZF4k8NatlRy7gZh4RRiW9DtAybk0ES6oFOxWbPUFzJR2Q8LWE2PKmwxL66iwTifU2ahe9PD-a_XqIcgJ_ujp5vJohE7W6QNP5kOUc39-IirBoo5p7yxdtj8HtkgWXIu45p3FJmGqaaKmfJW88gHaImVAbOB5Haa0wF6pxF69dHBVkx_Ij4NwEyyeWJ9k-DxRziD8=
21,Budapest,Brussels,EUR: 28,2024-01-14T05:50:00,2024-01-16T08:45:00,2,https://www.kiwi.com/deep?affilid=istvanpisti&currency=EUR&flightsId=0b77091e4d18000087fcf175_0%7C091e0b774d1a00000015d301_0&from=BUD&lang=en&passengers=1&to=CRL&booking_token=GbCIUr1dJ2RwMsWrK29HuwSow803hHmyC2KzFl_Am5Ufk7zLXxj03OZdpr_6ahXNRN3NOA3LDBy72N0ZuBUDH7yut3PYTjPouFIKvkUwqh8to5-GN5GrUx5lbUkmm0I_sOHaWFy4iZnv8EeTo8unTPTQ5_fDzJuTBqthvU8shJ59268EXdb2T8Z1o-n5t0Hu7Sv0OvdjPc8MdLT2p2HtTfwQvnbZAlltPJHRolicFtP5hqQF1Q3PypjGApx7dHeQAW1MROV--_WOYyefB65tfjHLjHsG1FFPCrSVIwqBTnxUUNgz6ojPvl_tMkl1j_9VwKLsdgs6IEI1JO1Tbpo56_zXQ6appTCYV9j2zlKftjQVGKjuubHY_NMVx05331RsmJVBewPz3bmHGyW464vI3vrjCYjsOxxwvhdz5uKRhdfDs3MRj6JvPzNqib9YeoYql4YDXpq3zIWGZWbQAdQyTX2nx7DSUtQQfllvLwPmpUumYG5I-r6pvcp9QHOODiOeUIrKQc93U3ONntcQqnJJisyEWURiL4zoOlWyO2zhfRlo=
22,Budapest,Brussels,EUR: 28,2024-01-13T06:00:00,2024-01-18T08:45:00,5,https://www.kiwi.com/deep?affilid=istvanpisti&currency=EUR&flightsId=0b77091e4d170000a24f8549_0%7C091e0b774d1c0000063b9034_0&from=BUD&lang=en&passengers=1&to=CRL&booking_token=GnZSRpQj2fysCYNNnDgB9lP-wapwslRJ4joR7X-22cQJoUEB8iQJplwExtq8PM1eg6aMq-tF5LbKUSc2Y36fzrP7R-2VvJua2UL4DPP3-72W-V5arDoiNTSc4B84p5atTTdayoCCvRgmpj-dA4pvShZZRm-wa9qH14Hc_tOjAH8Jrj_xBG72APd_FhyI027EZF-ckQbHM4R1TdCCoMCJE7oe5rZdQvprJdWXIVeMIMtGvt8IHYLv_fBIBazdbvJLpsKLl9CcnWTvoqhpdYojIHqGyXkjMvI7917wCr388g_r_NHYkBrcqe6ONxBmCE-nRbAL3me1bfDpAE7HpHhD_9xw9okMHEA2ENscynpIu2HpMg_9g63ztEosqqmJvxU7oiv2Y6hmy9OoCbznmbNKGlrOxUGEEvN_2L2Uk4bsC_60V7NJuxkOQXXe7562EEncnLJqZIgoodxslgPpkBPU2UvBukbyI7_TWFSEXBUnRozjw-Exkxj9A-f7YNYeK7VLIutsj-KqEdhZbLkttNm8whEqnurfDNTmrlLi4bWImhEzxvLMJ1vAPOed9kTYRAGwl
23,Budapest,Brussels,EUR: 28,2024-01-14T05:50:00,2024-01-20T08:45:00,6,https://www.kiwi.com/deep?affilid=istvanpisti&currency=EUR&flightsId=0b77091e4d18000087fcf175_0%7C091e0b774d1e0000ae4752d1_0&from=BUD&lang=en&passengers=1&to=CRL&booking_token=Gzkv33I0Zrm9A2WTCKFBfQ_cU0q-oDJVw2zsQjkrKNBNzu0d68T4SZ-i1m99P0z8RMCqGghiuWzJTFJs25Wnw-V-DV9GPRVKham2f57BFebudxzgEjl9qShx88yvGiEdbL2WpPeTQEjcl0RVeOAuUJ1QZ_jwb2L7Szdd_awK916cNPnb2bjOSFpc8vxy57OwFlSY4FAm4AI_lc6TT5UqKO7zC_uCpTXJYtzxDMwlnNr8y6M9-rppe8udZtWafTOE4Eor7nmCfuCaVfb35tHZCFeCRgXNaq_gvR60nunKuhQjjeoJ0S-VO_h5rvXYAeqKokJ5yxSKGhaDJX60DP_rrEkFR-sSaXZPggoC366JwGrEncClx1Ys8CuwNRZGGtLXOkjnCGZ4n48-6dfhDR-RUq3rWdGGBR_L8S4uKD-OCpxClGe9gN-3hWjfIhf_ls4WGddQHwxgi-RtRGV_GLnS8NaEZxaDyA3kIu3y7S-FisrT8H_KL9-h18vNDSs8ekd-CHamRBWGNlbR690x_8V8XryygV8aisZkF8nCRhOSCBQxe3qRRSwQQ1pVKhdBHKEQK0fVk90Y0ns_WdriybJj9iQ==
24,Budapest,Brussels,EUR: 28,2024-01-13T06:00:00,2024-01-15T08:45:00,2,https://www.kiwi.com/deep?affilid=istvanpisti&currency=EUR&flightsId=0b77091e4d170000a24f8549_0%7C091e0b774d190000f50e3e78_0&from=BUD&lang=en&passengers=1&to=CRL&booking_token=G_JFeiDEqqcG2ETH3Z6IZSsPzy2NBRSHJKMgSylNfp0lMzUfh7A8XecQjT651af6ZUXWptZzCtFQ8DSPazQKBlSEFOsISRJ0ojzcilQQktumtOg9hszv5PsTtDKZlb7rXOFHNkqIko76aGxdajKvcwIzKZEDjQmUpBwHuHnmzXBq0fT_GaxCx3-l1C02XMz8Vz9wE7w3v7F6oCu4o02jSYZ7ZNf0mrfwjVNgHANWFQvuT0_KXQl4ldCrN114EZulTEHSvNn7l-LDNFFDl3bGBcXZ07gwbsngvs0vXyHc1SPKiK3VzRvr2oeOqR9uEbtjHI5GKRzJMXoRylO2bWnWQP1j3EyNwXlTSjKOe2SCtpuwAsjetQOHsyU0eY6ZDhb3_OsMgLCDE-p3SHLLv1nrtzN0hprLpvKl9rVZuP2TsG1g8JILB0WHJSbPOphdO1qvPmr55XUyduIgir2Qs9mCBWXl3Ty8MJD0jGFnbw_RzjWSoxpdzAuaIcQ0mI5CsSAArV_9DdbnpF_Vvy0zvvecNg_1k1K6G-g1fCbv8u8A75LE=
25,Budapest,Brussels,EUR: 28,2024-01-18T06:00:00,2024-01-21T08:35:00,3,https://www.kiwi.com/deep?affilid=istvanpisti&currency=EUR&flightsId=0b77091e4d1c0000d757654e_0%7C091e0b774d1f000032dd8284_0&from=BUD&lang=en&passengers=1&to=CRL&booking_token=G-TS47HJV2ioAK87NFZxB1KKXXHOG5O3qnkgooG9GeR9fypkbnSJZdqz4PcOoJwySyf8G7qq-XrUbNtqv5xj8Rn-HRMRYqMUK3IWa-hTJ5lCKsE63fGUfLEFafRfp7nNqjICWEF2JF0XSPCLmq7U8bB_biO-BFr50Buoby40m1FREbQp1ZWx8CCf29LWrBFiYEpC5iUK9c9sf7VLCAUhvsRNpTfqil9ZTUSjE8gdTLiHFEqgwFlJKuyFwxGikrKSI-8tO40gByrc0aX0U5vzTXRZjpJBeBiP_bki7DrFgodsZuYzdJeDrJETLhaM7F0n4B-0c5E2jIFnlz5US8yYmjYSfAWVoyPHabUk_9LhrCY_BAzkgoN31XBun26EscFs-JMKtdI5K-g0L7ocdrZc4S8bmfMlF_2Q_xFSH6Nov3YOgKQWm8jCW7sV4vXs0q0vVpkRShDbwW62pMqJI7SR00f_DbHcfoEF4qBepbT7d69NJ_6W8MCBFVgV3e3rEtegcV3FHpZSxrFdEI0pvwRPwWvMkVqhdXIaOD8vZh8ZgW91SJD7zebenuWqvST2oZlVlaGQxWQU2_JXr4nfoXwUIudcBBrll5PXbtwxRlC8pekE=
26,Budapest,Brussels,EUR: 28,2024-01-18T06:00:00,2024-01-20T08:45:00,2,https://www.kiwi.com/deep?affilid=istvanpisti&currency=EUR&flightsId=0b77091e4d1c0000d757654e_0%7C091e0b774d1e0000ae4752d1_0&from=BUD&lang=en&passengers=1&to=CRL&booking_token=GaTA8ZH7mGDmPEs_HBd0Z8q4K1mVVLyge2vW7E0ajbn91Z3nxiAj1Nz2KIvxDaGgbrNCboB7PaavPekuGQSRHyfrQGo1vVMC3O9pWZ1dux4gDqjgKJDK3ZXvqIvOrL04j67iL_f9iQzDLkUI_uc5nuN7GqNrHmgK99r8Wg66ShC_tPx8o37ukI0KQgj3ClZXYJD45zyx34NmwTppx-HLGB2WTWLxKkdJe2AioUJ6zqYfMSiAUZ6rGya8vQOJT-DNBOyYgDusCLXgHK039hmMPbqBpdGAnbxpXwTAEMV6qtjm1gu3JES35WhmUfDJfm_zXWuz_Ak1N6DrMKZSHOw523kOixSITrQJYny_5AWVNQ5fNroaHpPMn7m-fhomB84uelL6d2a3CzwF-XXIBPe9yk9BjLQQPX7y90RteQIr5aij6JgCSzUvAJWww17-5U9Pw4BKFd5zt3aWC9cnQfwDO0nq1hEhD-cgkWnxvyxn3som7KxDDZAw5Hz5F0ryUkvpjCgw10DA5Yt2T6Dt3tlBGjUT6ZPjeNCyObGkayajSiTePqTXFB6IIQRaCUAgdO18Ub4-72qWgHUUwCkF6dxX-uA==
27,Budapest,Brussels,EUR: 28,2024-01-16T06:00:00,2024-01-21T08:35:00,5,https://www.kiwi.com/deep?affilid=istvanpisti&currency=EUR&flightsId=0b77091e4d1a0000d179267b_0%7C091e0b774d1f000032dd8284_0&from=BUD&lang=en&passengers=1&to=CRL&booking_token=G54eGRB2fUYkqpfqoQ4Ga2RT53zfGk6ChLVuSiOw4H_xfxJjeM5ldETC0lKrwVsYMEkCiArB-SGdZdY_0oZ5tOJ4ZOOXEGUA8koNtGFyPUKSmWkM9YTzJIMNQ08u4OcFzOm4lgcZ1U2wSIvvK99LT5mYDott8BIk0YWxj-8fD2yYL_bVBqJ0b_2qlK04_i3_NGev4rJUPeA4plGX3d8txjDvi3QEfdZtQG4XiPb2iT5Q7j_eWnwssFZa1iijeIp1eNDS3cIEWGu8JAJ3J56tthRncqHln2s5rU4E93-HfZUPa3yzsPaHS_vzURupzkFYQd0gI5S9fewGjWpLc_m6RDdcHGaRMa7yqU8QBRXrONX75l3eI2pZpVicZhB4TQ8WXk1eCZK_Yaz0_lZJSRX1FykI8S8m_YOR5gR4x51wnCtrdEOwdubdfg5XQ6aMrmSCFptBGY2CLlBPPctfrVjai_SjlqEy7OOCujzjTrFVGLolo0-th0Ur_as5Z97hlwYPBW8RwVicA2ZNO4gv_wmWqDRY1PYPRQgttiNb3SWAf2YiX3I_pORrDf9BKDxKPQX3n94Plv9u1hd1tQNs7L8TfGP87_6EqizmbVWi1dw-iagY=
28,Budapest,Brussels,EUR: 28,2024-01-27T06:00:00,2024-01-30T08:45:00,3,https://www.kiwi.com/deep?affilid=istvanpisti&currency=EUR&flightsId=0b77091e4d250000c071e108_0%7C091e0b774d280000f647a807_0&from=BUD&lang=en&passengers=1&to=CRL&booking_token=GnTDOgEmYj0I3FA8TDyYXsoFkavRcu0rYSd8Ca41L1GaoUKmQWotqUd9SNG7Wbsbq1ggA_fsf4iuEG966FWo7YKWhXg4QFP5pY8lye2m6-nHY9bKQy1ENEN2yG7T8_wi4wfDFVb1lnMSHp3L1E1Vbaeq0B03pln09WAx-6DqdMtQ226QHTr6gb36yglAz9yzTyqISCGvp_epbEcMbKxikLsVI-xpP9K9sAcxQ1nOBPkVS0XMeYBuVt5xnL1r1Wsg3mle4d1zmZJeY4VFrt1_FBOubt3kEAUpXCw2Af3PSwqYEsOs7ZpG3l0nc5HjoeULAYPiXrcdOdbeP3lWhocXWmHhKaV-7X7Yvd5xk7Kc3iF08pRSRaV7mL8vDSWZzNKrt7tdcg6J7Wh2lIEr6UtaMchfC5UExstbEab_RnvTVxvijs1J8jWepEgd0peqNae37Nq8V4KbWb7X834YMuEku6yHFHR65OdfX2srmW8aadV91x8Bcnu_OrA4_kD9UmS6E5gb2zr9R3S4u-5-YQsOVtiEB6rhC_UKjtaeHXcfbLiLLwiKCJzm7GOwchp0ALr3wvos803Lt6Ko5d4onQCpYMA==
29,Budapest,Brussels,EUR: 28,2024-01-14T05:50:00,2024-01-17T08:35:00,3,https://www.kiwi.com/deep?affilid=istvanpisti&currency=EUR&flightsId=0b77091e4d18000087fcf175_0%7C091e0b774d1b00003cbf92db_0&from=BUD&lang=en&passengers=1&to=CRL&booking_token=G8HkMuVAxNhaYuVr_PTFlvhrg62RA5ZGSZ-FUvQoSK0g0-wFTDD8Yzrfra_IgM6kQjsKHBDiOPzohM9EgenX44ykKbqJim7tBaSfHxUXUDTXTvymw9uYNm6OCG_Sf4GlWNXNpxdiJISXknPAQTvdSYoOSjwOvlIas1gE3fnihQ0bWcOaDKsEZKl0Fo6bXQ9a38zbU3tEiDjDPz4z_u1wiehC2foMh4RqtmwZDdDfD4GiWuyUIeLCR7Jh6HsRs8UXUoIFIAkur4EIvEoqa6yO_z0RL2m5nBghqGEDLQm0OM0T5BZZ3na2S70UxIhuSjE1VsN4eNrMymy5uJOMepxZjqSIJbFXCfVo6sMesvY3LJKfuU9W_w__9Nv79JteyJJU67hx1sVKqz2wBH9EM2aJfYtawkS3LqGwpTDOkGywvR5NyYYGdWLki0MQy4kgSLTQ23OnC2gkJH1d3hpsz_25gfzfzt4fLFGndkSZ8TcZZ35FIjBlSqc0zYm9p51HUtqd31BSxuSQ8KJp8JN2b_ziNgYtvWh5dEqdLvSfcTIAIUcA=
30,Budapest,Brussels,EUR: 28,2024-01-27T06:00:00,2024-01-31T08:35:00,4,https://www.kiwi.com/deep?affilid=istvanpisti&currency=EUR&flightsId=0b77091e4d250000c071e108_0%7C091e0b774d29000078c59c2e_0&from=BUD&lang=en&passengers=1&to=CRL&booking_token=GAQ0V5joLMVtzJ93pSr2aj8twXSu7rtenSJq2DBoc1sfP465TtL-yId5IAKF_-0s7M2cWLfj9OHWWKzXZd8hqh9tWtCuAEA8ng53QJ0zenqODZk7h4dnI907vvj6I4uayzM_x1UMSiqV79Ni7jPrTfLu1_LzUUKvYfNI_9LZKMUaehRvZk6iX2BupMyhc0mstHM9mXHjkDgXV30Zaq9eiZc1wL1EQICNyZjmHJI3U8ze7WYO-eAPYwroSYmifVJjZp-PlHf4hDprjQKYB5FvA6vUfMlITSveXyMK4HesjyGhe2UHmxE9MK2nSTZaGigUq9VPc3YS5KNxJk02wWOmnz_d5LMlE4DpOUClCkpeABvbcPzkaXYE8PS89Ljimuxvb5F_TzF0zdThZjznNY3KDxRwBGDMD6ipXQOGjLFiAxzpvD5S9uXOWUukTxkc1_rfdjEzL-bqaryYrPnzIicd8erXGu1WI0eDMUwSjD3SlDIZHXhsE703UryDMLCCGfGjyNF8n9mvdBxUgj8OqhgJfLFuRpLiouUUsw3-FjQYIIiD_KyrkVpUoCjk8UF0R5-mECbh3SC78gzEW3RYIdKqBOjxNaMHQcbew0R-8uvDdKGEY73908vVdv5_nFhaF7Ido
31,Budapest,Brussels,EUR: 28,2024-01-20T06:00:00,2024-01-24T08:35:00,4,https://www.kiwi.com/deep?affilid=istvanpisti&currency=EUR&flightsId=0b77091e4d1e00007f2ba7ab_0%7C091e0b774d220000a750b8bd_0&from=BUD&lang=en&passengers=1&to=CRL&booking_token=GlYBtjbvcjHSBVxTSkT_po27rcKXj2A5CVJcj8uNXZPOHQy7cfSBunW2s6NLMAw-M7k6CpN9HyGGwj3T5sYlDWPN34jfUz32Qu_mgvXxK44JBMuoBWsa8qwVU5bsNBv1f6uDeVrAnHJZJBMoorsOgEDXXe1t9l6kX8jCMJFPLtzMzmQCi2kC2jGCPs7iokDVM6rKv0x7G3Ip97QieSoF_PpzyGD1dBI7UtzEacvLR9kPNcMNN_PJfhOylbGZeMX2kkXaAffwbTGiaIFGcIF7q0nq6aGmjKzI3noOxhOSrWC3fcpKmGF2uZlXprkQGDliLP0KpUN-L4ZLRrjRGnrfP8yBKSxFuqbOt_D83NXHXXIGus-Ban4bDGuuH09X9AJPUCvu1vcC4gFCOFuUBXHO1z0y25nSnPhTUQ0cciVWWU3ujyUsJP1tdTSJ2fmftM3s_4kKZuHFT9sVlHZmIm7ZhaLIlU7Yz0-L9tFWTqibGZpkLgXYBJ-Yf7r3mgOmeheuCTl0e9R5Qt96xxIfQpWvqzoetmVqjIGQgdUvQOGs5MEUt3fiIO68IbqtjIcOYC67H_ZPrt_cqi2TiRH9UyjnHqFiaG5x1dY8vl1sioly-ZHE=
32,Budapest,Brussels,EUR: 28,2024-01-16T06:00:00,2024-01-18T08:45:00,2,https://www.kiwi.com/deep?affilid=istvanpisti&currency=EUR&flightsId=0b77091e4d1a0000d179267b_0%7C091e0b774d1c0000063b9034_0&from=BUD&lang=en&passengers=1&to=CRL&booking_token=Gaj8zh8LjZseSxXOdmhrfaBlk0imC9iSpjoQ7zWCLeDxN80j5YLR4kh7v9v_eU1XWMrApgtVTrdfG2QscwAQQSqrfCOx_tG7lhk8BTOlPip_93YhLOpACk90aWQpiIVt7pNFYRb4CHHBPObcZudpPha1w4ASrQU07nBdEKXDmV3MD0srZYIDNRJCXFEBbou3OejPHljoiqRysHVifBAJ9rHTKQNo9C7UriBke8d-6zqsVM7izPs-mcubFf5upZ5JbaZPYSRxn1B6u53jt9GXqCxLXRv8WzqxLhPvAucqH2C2DAFC21sD91eYBqrQW0LtzcBnuru6jxmKzMlw1bIjH-O9JvExTsBWUHSD9BEU4qOW4yrab2E5A6DbLDCd0C3gNUfWbob29xxAVmKySD7rSRd-AP6oiSPpOJH7z6UizL3Jy1PNav4Ct95kctDHHXEuiaucutSgmhLfe-JieEgk1AfBG52SiJBrv-GDxDrKwTTlODlxUVmTQzlyk9X5bap7YkfYXMWaYVHySzTLe7a2eK8xWtBK4hSG6po4WMr2CXjTMLDyhTcONhQWVJjGHBfRq
33,Budapest,Brussels,EUR: 28,2024-01-15T06:00:00,2024-01-18T08:45:00,3,https://www.kiwi.com/deep?affilid=istvanpisti&currency=EUR&flightsId=0b77091e4d1900002462cb02_0%7C091e0b774d1c0000063b9034_0&from=BUD&lang=en&passengers=1&to=CRL&booking_token=G0JW0qPtPzEF4AfQDvV8UXf0ma8sIgL6JeMdGLwEP7bnjMxO_AS8YXJiyfdigGxNVg0dw-0En5hPpiIjY1aG0jKqr3iODrJXnZBA6lDe724qPvxJBjqw6uZ1hNm1lQe7NkxvYXRnDu6CfTSfLT4zXN7OMUoW2OCUvUL4Gr8DEFgcLTSPcmhq0a602LwtsmOJB0IWDdtx2hHTFmh0rjoUfKZzgxo2OW2ysAh6CpRHpt_PETtb1xuXRyUf5FaC30L6m06X_hSlfaKR30znn0xg7eLYipM_UikruR-BzAj6GlY99oJOAqAJMTOAel0WW0Iveh5vZfajR-WiRq-7WlxQH1q_2wgSfCaUJoDK4nznkJs9ccQ6mfDgNdUP6tZWsB76zjQONadmNOAPeXrNjwxB2TU-cK6H0O_ifJSYeFJG4rh2xIe41oeIroWbpIAOhsmgW1iTCwvO0OnVx0CZ_gZEbJQlMWLZRVLtyFs7WYIvfmCDuGCE_u6-Foq5_hiCFIADCtT5F9gNaSYmOuLvDBdWKZTA3p4kY8_bTEN45Mu-GygnJozhLHkpj3KCevAuo1JM3
34,Budapest,Brussels,EUR: 28,2024-02-08T06:00:00,2024-02-13T08:45:00,5,https://www.kiwi.com/deep?affilid=istvanpisti&currency=EUR&flightsId=0b77091e4d310000299736a5_0%7C091e0b774d360000932a136b_0&from=BUD&lang=en&passengers=1&to=CRL&booking_token=G5FEBr16K8IBnx41g4qMSYhu-LcvQqDA_WORv1TVHEalxvH5NRmwrY1ji4TLdROoz9dZfJb8VXCZRWrLN8ZPRGwa8AkI_m6trZzWfTaCQLGkJ96lDmQc87WZznQ8UXFwXcg7080jNzr9ErQd9frJk4e8ZHBxoNmBToxLnyX3H_HGH6duziO2LlOMjRayPZGq220vfOJPa530MKEBtsYbcC9pYLQBBeo4LVNJfE18BqVs_qyDx-29XQTjqvBYlkHxvkfITNweKzr7D3aE53uyubFTUf6sLTLj-IwqUOtA7hRMdeelLat459MqtYlyEuEi4yTxhYqemnGhAL4MVcExS2UEBV9PAdf6bUnUObIuvHbyDZ707elXHp16pO8y0NuUWKT7Zpu_IyklYJ6Sb_O4z5YECcF0dqzr9fpj0fLs3ZrLimdulsO-giI0EKC3IigMNUWEV5m7w3v3T4oWjECFnhsHjmwrg0LdqM8rHrp-tisDqQOxCc7iF733Te5hfEas_gJX3wpbXPBmpmYA06Tl-SNbTKmXeZpvsirnTPMo86x2v9VNO4nYKzX7r-Bkhwb14okhmoNVBLkV3Rc3Z_HcuB4XCyO5XW1Hu-AozsPEg5NE=
35,Budapest,Brussels,EUR: 28,2024-01-29T06:00:00,2024-01-31T08:35:00,2,https://www.kiwi.com/deep?affilid=istvanpisti&currency=EUR&flightsId=0b77091e4d2700001ded9d73_0%7C091e0b774d29000078c59c2e_0&from=BUD&lang=en&passengers=1&to=CRL&booking_token=GQw-QQD_JzUuNRhvL3Bpa9zGectkhpOLF_oxUGtk144caaiMtdSAyzaPqnzV_OJO-RB0waa5nE9rT_FpKLG0c1Q-9hhFUNqk37pDjGcqHJ04BUkdkA-pQR7ar9vDoad_wLTPwnWlImnFKMFEa3ve0Fufu2Z2CF_veXcUONtefrRPZ7nTS_zeZ0l0MNGEGxpK-AdPqxWkC8HGiJLKk38Sy_s5d51Yycl7cni4_prMIvCmLuYbru6Ws4A_GJWs4bQUD6Re_0X5tRoC9GxDQpsIkkXl5fIMQCoEHNuzbKa9EOTziEQCDy2ZNB5TerIBuBhDfQLTkjSr_7A15H-WhrTpQQ_Gl2a8ZePr9YNzDZPDgYw4eCJB5eO4bW-55peabKPJPo04h0Qydn_RXQbcDK0uSr6w3gSX9bZr6A-pgYdeXb-RPvPW10EjOoVxhZOVc6I3BYEbFgblrkHlYomY3akI8qiJ3P3Gbn5OU54THPeV5jC0xW402spfnugW1pABrSTJjrr2d1oIhaGCfJ7kMbNErprXvxwRDNC55AS6PVdST0G9tp3PIA6TOfE1FA86PUScd-KUddAIm1xsfjjJfEjoPqYYymQ3I_1-IuhZ9d-ohQMs=
36,Budapest,Brussels,EUR: 28,2024-01-23T06:00:00,2024-01-30T08:45:00,7,https://www.kiwi.com/deep?affilid=istvanpisti&currency=EUR&flightsId=0b77091e4d210000f3a6e75f_0%7C091e0b774d280000f647a807_0&from=BUD&lang=en&passengers=1&to=CRL&booking_token=GB0S9TeUoVKTvxIEOBYzJhqh8kimOBCrSYDLuZz04G3ZvBESbl4Ah-EHTFGhHOETDbDyA3E1SD7R8spm4pI4VK8NRMdmklEGD1sYVMBtUc8M0vCSTdlnoXsovv9z0APpwWRVk4nEnocY18pVKv0EHvxfs9Y2hNV4d3V2EACQWvKJvw07x_QoEWJ23owmmO0Pqm4Q5x3QhQ6NTSsZZsHRHTJEi_FsktwxfMBBmg1jKJFh7y4hFf-y7k37Yf7NV_-d1QgGNX0D3l4iC2dqWUdvP2621mcbHCzE7EyC0SVuNWBTsNnSKGRI4ne0FzvCiYbUkDOEn15m72EbspBijQlxGzxCRvKuzcrY60gCHLMR_bIpIqlpGXqaIdkS_9fbG5XtjwtIdGIYlsOgaWYT4Yvm3nAuguO7LiBA_aGk7URaUnKKgSujYjtGNFAGCB9Tem23IaGV9k6lYULeH_YjzoJZt9hnHdt7BnKw5692ggObwytFgSVgfahZNI8S1sqp_D-MRAzzm3d9c84TnluImOy29xYyZFMmmIt8mYJ6gC1cTn2u5dAgpD4SJ54LJ91SwJ_jFUTc54yqVUo-8yVvICDgjvw==
37,Budapest,Brussels,EUR: 28,2024-02-12T06:00:00,2024-02-17T08:45:00,5,https://www.kiwi.com/deep?affilid=istvanpisti&currency=EUR&flightsId=0b77091e4d350000b5ac0d19_0%7C091e0b774d3a00000f4d52f4_0&from=BUD&lang=en&passengers=1&to=CRL&booking_token=GAvJ1dLuRTRzCDynkmzTAMHdabA_IZPCanKgU4eg8qd2MREsrhPuJRoqmUDZgOWKJ0_mrqeXjHTlAVY9fA7icakUx0hS-UMmZluvV1tGxHjlQEX-QexJG5m02OMQoFJpQXlJO9-0-gccpxMo1d6OQIHcP4WOJ6N00m2Q0RTgB92qdKn4dyf7jUxbAP_GkggJ-IyH1qC3cBsIYNYzL88ez2jVvNZ0kTuUuSbWsoA5TxKS0l9RYp6kC9TGxzBUid8jWsN87kbGAAHjW_DLO4bFkmkEUzQhPgEjdsNYA4vpLGw55_AaoE8gqj8Kju_UITv7KAD8vdKlDirDGxMg5kCRlCncw-hZhM69ZpjEDEsCAh9ZeWaNU7yYTxC2IkA_fIi9T5IejzWHZHpud6akQgBQny4_25AiJMxnR-l2tSbl1La0wVrB6QP7aaBFG0ZFEolivdpL2wyBG2Hzcj8hruOBMSw0iYLgpbZPyghw3KGVOiFXTk16SIwyABy24A6eezMdnthmqK-66rNyx7sAdJ_pVFWi2MyWy60W6qCJj9huY7Uvz-mnLfKyNepLLw-iPjTWy
38,Budapest,Brussels,EUR: 28,2024-01-17T05:50:00,2024-01-24T08:35:00,7,https://www.kiwi.com/deep?affilid=istvanpisti&currency=EUR&flightsId=0b77091e4d1b0000edd367a1_0%7C091e0b774d220000a750b8bd_0&from=BUD&lang=en&passengers=1&to=CRL&booking_token=GLT7IxKcj3ToqABhKDU6YAETM2kHd15BvkPVL5Kf01ieQ2Qow_picrbhz21hSNks5VOUJtohj0N63Z1vZeq7v-19kTUFEC9YhfB9NW3GgYDPCVsWxXnbPWQjaqQGNb1ft9bUgU0CPFUR8bEyL_gNn8tpk1RuOu3lhLhoSNT-pFAIgBd5fZRgKzTgIGrmF3c5pBtW4sVUW7StEdxqWXG2j-4j9i4Q-8Yu1i-X2GURMQBFm2w20Wj8oJ2Vi48R4uIHq_kIM7VVGuaSi-vRuwj2u4vxv8yrJGxZqzTq05cNtJSN-xn5xdn88vESaQWzmg0_vpVZD2wNCN0h52bQ16AtS_1txPXwZvoVvsrcaplyESAlRUas8eDgUN16qmEf8DFXUfejxySLTBcBRfOPvDcFCAlS6MVGRZcXPpZhgjx2Ggvkxdy7UvI_LFuYxdJu46I2fZpKSHZYL2ItUvT44FRIY2oI9VMqVnBJFl34RCocAR_6ddH-XBzQItSUkZV-jwbpyvMRlySlCxMyQPhPHhax7JB7HJTAXTCD-fjgb1Zt_ZHNFCKe4A8U3j8ZzsSBrNTXP
39,Budapest,Brussels,EUR: 28,2024-02-06T06:00:00,2024-02-08T08:45:00,2,https://www.kiwi.com/deep?affilid=istvanpisti&currency=EUR&flightsId=0b77091e4d2f0000534a35ed_0%7C091e0b774d310000f8fbc3df_0&from=BUD&lang=en&passengers=1&to=CRL&booking_token=G5fJ-AEy4XYQOMiBMfay6WMSI95-9Xu0EhFNn85_-iYMtNIK7l-Ty3nKeSK51HdIVpivLIE6Uet0p3Agrs7tGU0Zv84dKF72bh2WR4xB4aMKhElXwzQFi0486p0aEBwjb272GuUQDSLjRYmfqxx9ZdkpyXub5NwNNzd7OtljCXQUP0R7G_jyCdtMtokrEHbJWv7UvsBseRFG22Q1sFLJooLVK0Cf0-hBKAh256dzCnjkk1XRDQeLOpNvc0ZfSPLhQp6IOYBdafmB9Zpt9TdLa_S7LCvAsA6lERXNbkzfPc3ryajIEpkHi5t0IyJp_HIjbGEQ1oEm42DfP0VeOAvHDV_AfE1vhoR9GOGAHNhCTj2eRqqDihob1mZoHroesJ8TYw1k8G0FH4wxxT4gwoE6foTxr9Phyz1d-AB_HXlfCjn_hu4LJzPN3d0uBc2oxXSG2SKRhbY1hQu-uxbpG7eO55H4k1RAp_lLkGiCL6j_wlP8pyC9aD3V0oZM9RuL74HqxGwdA28SNpe4PEpUw7vT6Lq8vb3_RTLbv_9bksan-Vz9k8MqcRh8X37xYXAms50kCxYc1HDKKIMk75JU8VPfbNHi0yP2ZL76oCSI4xEV_05Q=
40,Budapest,Brussels,EUR: 28,2024-01-22T06:00:00,2024-01-24T08:35:00,2,https://www.kiwi.com/deep?affilid=istvanpisti&currency=EUR&flightsId=0b77091e4d200000462db7f0_0%7C091e0b774d220000a750b8bd_0&from=BUD&lang=en&passengers=1&to=CRL&booking_token=GPt3JOxjB1jw8OOJXCyY9IlEAWYp805In4rkaswb3IUrwS1g-1EzolkqTd2kIaPpP_vK6aiSU_faC8YCMVy-xsBSo_RBIE3Ees626GjiqP0Xq_jAo7M5_kqmU_BYqrARxgemfCdjYlKxq1GR86YMp5EzWpSqNozdc8ac2oB1b4wQaeciZgRlKd9HLlHoQ-f2uQiBdFjO5KB9Fi2pjIEdLvAJW7RSPYE7Q2N3QsywmXfyAv2kn1SLL9fKJq9wDA0NdJFpImag_wfrXRosn-foxFVghf9VEPnicD0xkStipHXDs08ZbI_EF0vqh2u7NqWfefc8mN0VK3eyQL_0G3SMkKTMrIN7i8cDKsSltCw3Hv6vWS7mMOUJnNO--2-YnYFJPB_BwAONAFTpz5AgedwNdxEPJKw-Xh74X_mrJuffs8R18InPd9-3tDIEc3bKPm4uFiSocIGWTqFfbf7v049DVJB7T7c27D8Or6AJaNfpwlvw7cglumXSjPMC3Yprr-6W74SYVns6FxPdOkFDmDonXkWIZLyzxnnoA5x4qi6UhqEkO5j24w3qqDDgETLu1GZ1BvQWwKEcdWrKZG6-fkAiM-Q==
41,Budapest,Brussels,EUR: 28,2024-01-18T06:00:00,2024-01-23T08:45:00,5,https://www.kiwi.com/deep?affilid=istvanpisti&currency=EUR&flightsId=0b77091e4d1c0000d757654e_0%7C091e0b774d21000022ca1225_0&from=BUD&lang=en&passengers=1&to=CRL&booking_token=GQNwpnSI-Pf8dnpXvJKYrhlvCpKQkHnGXiqQ6tybRn_J_BCCvZrQ6kfMvYnz3qIttRjUSFZksuiUvTg7oLjWo8tAVsx8vA-UJQ8ig6rDacXLPP86S7bBhdDGorgp5TN28ycErdmwUApp7mQpyHodmRR7_D_2IgedHQErg4RC1yeEuQOWz7-fvyWr1UudAY5Sj_UXr0pd3SFgjOBkfM-LJOxs6Lw2rMTnVMySFwi4ZGs-vRz3eQkHX-XgrHAgm-s4uEhW1s2pvpuZ7GpVkQtX_-EtoXSIg2pJg0YbssKWQh8Y3Fk0yLxafAUgYxR83RTY03pgOGYjqqaFkrWWJ-y9-MIzifaxDljcB8biViwuAmL4s7t6J0b7SRm4v-yr1UPxXYtQGKN4MTrkSYKfJYcX0Rdz7tOPJXWWxPmUwCBPTOHu-4yzbUC9ujnGmQRA2B5Ithnjawl6JfSJMLTxeqDnHy_A9ApLU_D9Vh94Ee50VhygivoZ9rbpI_KzlYO4R194HrEItJpLkq7DmQ7aAozfoC6K8FXMHPWDDKWEUomPUzkyWOTCKl4z-DgCs07JzXctn0vVJA53l_3HLVXsJHZyyQw==
42,Budapest,Brussels,EUR: 28,2024-01-14T05:50:00,2024-01-18T08:45:00,4,https://www.kiwi.com/deep?affilid=istvanpisti&currency=EUR&flightsId=0b77091e4d18000087fcf175_0%7C091e0b774d1c0000063b9034_0&from=BUD&lang=en&passengers=1&to=CRL&booking_token=GDzyZMpoiNSM5gGp8kS0aKmiyw59Pqef5wS6GPLW98aaCyVGD14puuINyCjetlGXpGfFqiRIxBxNokZ1ppVEhA76aopZ5vsupOfo_Jb1IWytj_MMIOhbm65c4CL7ES3WzNerBRE-TrMB5xmAkvmFejeQNz9R63SOYJ1kSWjh_iZtPUDzmahyMyY0HcJjHQbKAKJ963CyAa868-c5y4qz_yzSz4doQE38aNgy0JVqhBka-f4dd-Z9jVeH1z_6lpR4_sStFpj1yA5k1FUfOueMkSp8pEUJlUzvLHQLvFYpLTmfKrIv-MyKcFoYB1VJ4CJ9mg33etYF28LYRK7DFTf5BlzD9J5yqKH2jvpKzfYlXiCvDy7NmdiAm1bOmMnfiScbsOtZe9nJ1K-_bO3Nt3mw_PYsGg76XgxUWIUKMaoeiHpGEHJSBvCz6XKdCGmYY8FOpLNSTZHn9AKR0RQisSFQbGd0Io3fkIBaMI-iKr3w0fu7WJS-zhqqYCSqDFGwKuM5MF683d6_DJHGTnIroCZuLLt4CVO_Wg1nvTTjNipDPokY8gbv1PvsUvhLY_49QyrHJ
43,Budapest,Brussels,EUR: 28,2024-01-13T06:00:00,2024-01-20T08:45:00,7,https://www.kiwi.com/deep?affilid=istvanpisti&currency=EUR&flightsId=0b77091e4d170000a24f8549_0%7C091e0b774d1e0000ae4752d1_0&from=BUD&lang=en&passengers=1&to=CRL&booking_token=GGoJf7N2WMZpsaDpPFodr0QBNzRICUws2S6CehxtOV7W8xQ9QfOYhb1OuWDI4RFjSx_WbpO142vjMxnDJ3Rtnsw4VtW7yhnMkcf7pNrkgY22KIQNDb5eRMFtCrGk3hI2QybPi0NRXjTH1nNF0PWnuOYV0YOBXMhedqxB_2aSZpNY1XAuYXGmV89PVoMMbhj-2nNG_QfemvXhNO6E_rYplNRnUW-431nTi4AqX0BZjmIcirtTEaHP-6_GKMppcRSi_ZIwiH0UKPgVe4cFqBPDP6NbG0xQpcN6nR1nIt30f4FuCsnCWrrdJjspGSTKnzKPthAJ8xdY0E9UDaT6mO8VpKi1njr6zxB_DS2BmHFxxkJ7MGVN9vvmCixmhh3yux9IYECjUsNWtdgHNYFgKmSKxXL-Hj63Liihi_uOhNutYyA0JCE5lZpN_IsU8_xHiuYXTVs9yNbMXP3LNgoe58-L1PAPD02-WId2UNN1YRrjWlaPEK3HLlWnmXtG2oj-6pJns4irnk4MIvQac1BMGLehduxdDHYuF02wruSFDWHGqedjmpXlIxmZ5H_AsZTnk4eyPo7xQDwsftgkmvGVHowsI7hLaxSTBKQY0hgx9F24V_II=
44,Budapest,Brussels,EUR: 28,2024-02-14T05:50:00,2024-02-21T08:35:00,7,https://www.kiwi.com/deep?affilid=istvanpisti&currency=EUR&flightsId=0b77091e4d3700000df6bdb5_0%7C091e0b774d3e0000dc09a2a8_0&from=BUD&lang=en&passengers=1&to=CRL&booking_token=GZq0uH0FZf9sOUVgUecIAdrG3veV3ukxsqPJhCjv0lInEsd95s7B_7XqgDnYSnSmtvy_JFUAfFGRt-xlHWIQS0FTWpJEoKSuin5WUHcjkDg7ZkwxGqJOk_VtSRtkQVHhmAf6ct3Sddkk9MyW6MPktSyMa3EA-gzXX_xWCHKOGGqh-3GJjt_qAZ2iQIVyWzRlkM_vDiCCeMqpLYR4eI8VqRbpJXj-wFcWOjInVr3y1kLiX7K35z-3eamg87siMw12LlcCThggv1FBx3RgEv1q6k3l6SCgDDa8jjQQuqFVOzaNVeub6pcA8xT4b0AQ9tOL8p7qaATMb1fbCNpnpWNn2SIhNMsiGsU5XjxEuPJbmF_61KOZGJw6tst-lxZFZ8gALUeXHz89WltcDA3NLEHPEpNpaFynYQDAvz9LalIsdb6FfdxS2XkcjSXUXBZj1wXkVbQQiIqQ9MMd040Zv_1obgwekJq2L_aahjNBjMOyNsv-B2B4xVUVSkwvxC6ZYS7XKA9J5qNgrT5iFMiWuBdZp5egMFuvBqCJOvW3pQ7Qo-Rb1mkk9FLU7KrxDlTvJGpCJgaVMXs8dEfHWlZlth4sRlaqXayaZBULTBPYmtqi4UWQ=
45,Budapest,Brussels,EUR: 28,2024-01-15T06:00:00,2024-01-17T08:35:00,2,https://www.kiwi.com/deep?affilid=istvanpisti&currency=EUR&flightsId=0b77091e4d1900002462cb02_0%7C091e0b774d1b00003cbf92db_0&from=BUD&lang=en&passengers=1&to=CRL&booking_token=GOfURU2Tn38mAMJZmnkQsrTPU9AeIrLS7BypxNMnzmtgLDOyj0j5DPE9yWF6BARd3kDCxO3Fz9IZebZ0zykkMauTm1iNOTk2INV8LsX25BqzYzhuja9VdT5lIFfn2SlfP1uMAIfQnTTqPu08jFBf_7zu0j5AB2WHTE5IZWGwv671H1bLaK5JDOS3giysICYKKv2Z9nwPm6lLXOY34resXetcNuCJ4blP8ZIL2d9eZGqD99XPEBf4LUxV3OKmivJhf544nBmKNpMP22GHKkmufkf5d_FFYyT3tauc7ax6hrsnvS1cCLmlpc_EiQs0O8-j7oJ2qKhWQwF5GN-XclmPppzZ7zC7rBWWjndF3zoMHgBw3rJSK7WYYiNYevFUI9QFjDfB8ZPYBmCCJMCPW_PqIGTtPRpP3nCmv3V6gvZetpjStQvIySthZbjS69Swr33iaXKc9TclWfLjwTNmMCEBv3tWdh9vk7vAv0pcQ57pHmeY_tQJAAIL-trlZJgxbR8IVf2s5rhR2KPXDQQQecieBJrMt1HJPXDo2j3pDNd1PZW0=
46,Budapest,Brussels,EUR: 28,2024-02-06T06:00:00,2024-02-13T08:45:00,7,https://www.kiwi.com/deep?affilid=istvanpisti&currency=EUR&flightsId=0b77091e4d2f0000534a35ed_0%7C091e0b774d360000932a136b_0&from=BUD&lang=en&passengers=1&to=CRL&booking_token=GADEUBZonzUSNcbBtgnqNnUA7drl2EUiJoIApk1tBTGmflHin1JSWB_aboOwfhWkBAR9XPRz5GojU2N4h5xzdfg-if7ngDQQtLB4IvxeKn3KojHxjxVyfy0R4K-4mztQc2xj1rM6-KZEWjGPwJz7dKGfCk7e7mSg13Ofkc-r0owSB-Mp7hOeYm4mmto6yvCrOk3t2MNeQPlthvny95qZVuht7guNX1ZE-nfX7N3KC8KBU1kweZTqC3eQ18e91nf4TNn5K0M7oXg_C_q1nga8qli_y5ZpDTna0IKK_wK3CeMUW6A8dVvVtZTteqBx32uUty2nwhtcGZgORcVO1MDlpJ8VfbyNIII3Cec-zcc9ujNcyUXdSL8T2s4Eky4_zhB9wTJOQhC0chYDY6II5HXlHpFnAtPMRxzHN23F57qNfBodeoU7uKNl6AV3D2LMZSki6m0vb9sB8msJ87ZtwX3lj2LR8a3VdN3TJyQ9gboPtBv85ivGlIUQ85r6wIx2V9UtQ2UhmGkKex09PUSaK_5AhHiTinjsEM1TrKuYIxzkeLS4FgGcwpwHpHk68gktQh7LluTzDXz89SeWFHcIPHcsjcty1VcBtYDI3Jb0m0lrlOuc=
47,Budapest,Brussels,EUR: 28,2024-01-17T05:50:00,2024-01-20T08:45:00,3,https://www.kiwi.com/deep?affilid=istvanpisti&currency=EUR&flightsId=0b77091e4d1b0000edd367a1_0%7C091e0b774d1e0000ae4752d1_0&from=BUD&lang=en&passengers=1&to=CRL&booking_token=GnFxsDVisuTJ3fY3gh0DtR1jYaQ814XODePjjstS3c9V4WG8Rc-ktiGrC6LetU9w-8pgFARXcqlSp1TaGeFzJN3elVB0CHYE4i1cRDMiBQ9afp6uQuW1B6bZRWcB4GLTmY8EHzYqKYh1nbNUmD0X3yQGsWcseKdyJa_imNBhNwXT_lLsNNF1HtlTjE1Eppq3LfpCogFRCxHYZ088rLSOJSQyzf7Ag35eQi-IJdpPLJVOJ7UJgA6aqGh_RduGE-peCX0vWhrjqfoqAUXc4BBhrKzHeCA0uJXxBkzqiptOP7v5EteXwDFWKgTNqebVkTfiz3rrDafqGPbprcNT16U0x0EvCIbLR6O-pYbgk1kU-q4GoUTOcSxLYgQX2iJYeXz9TpfPY1TzqvgbrbY_v64fqPW1GE1rjNH2-5PXCUF5022c8zPX-pIqM9B6Z3n0EZiwZ75--ZbR1sYbxUqA9AbIAwIP2XV5AkCcdXlxLCeC1MgWLc1lB_sD2lGNwRBAm7lYykWbg0uwUeKy_4MWtRg0vtVET96gl1YKg7XxJLhPNPgUFlUMedKHgX_j1Z_QDZ4fkOniqnXqIYUqrMz1Z6c8PcA==
48,Budapest,Brussels,EUR: 28,2024-01-20T06:00:00,2024-01-23T08:45:00,3,https://www.kiwi.com/deep?affilid=istvanpisti&currency=EUR&flightsId=0b77091e4d1e00007f2ba7ab_0%7C091e0b774d21000022ca1225_0&from=BUD&lang=en&passengers=1&to=CRL&booking_token=GlX4yVYlRlt4lcFtc0T7xQ2MgxMpC42p9Fv4V3YjSDqcMsat2Yv3zQBhwN_hbSdubE8RAR2ejWiyTTs7rE3fJWkJXqjn2TKGz2b5l__fhD13aB2qkdEWwiaMOi3LTXfcNQFUpduhPA1_kFzK5PD0LJwbGgHpJkwo7TYVs27eTGoCHNrNQ-dCT_yDVZRJ65vtnX3DALSptlohvMQ1kawSoIt34KAfqkrqUqxs8EaEF4N0LVzYGO9h3IEBUd_7xEOHvjss-nqBQX-XYXW1IFoDG_CnIjd2X0Epr60_h8Ful5PaQmyG85lO9xXoQLej8JGyj4LyPGcpInzVHEqzXbnbG0MgueJJNGUt1HbYvIxf-u-rlIntlrTS3Ko8hByzuk4NEEr_vaK96RUn4O2W60uOikRKIXjL7thEEBw8iCjg-izT6MapeLnj7a0enS_XKB3yEca9A0ODiEnfrnKC2M7T71Ava844SMoAv7kLc2rMj7G0vtqFrt-yiWSaf1Vp4siihJuriWPTRpmC1uQghdDJ8zgW6L0L2I-BvLlmN7AzrlhHadvdMRdv9U8i5LWyhu0q_HqAC5Fguwk4pCTJXOvTnV2Olboy1OgNWYZuqfLyBhY0=
49,Budapest,Brussels,EUR: 28,2024-02-07T05:50:00,2024-02-13T08:45:00,6,https://www.kiwi.com/deep?affilid=istvanpisti&currency=EUR&flightsId=0b77091e4d300000da880d90_0%7C091e0b774d360000932a136b_0&from=BUD&lang=en&passengers=1&to=CRL&booking_token=G4L7UmzCO_CGBZ6wvjZmCyt8ek7SfNttokmNhx8f6-kBjNqctlgJrI4aOLqHWLwPs2jLKNpKlcEkuU3YU6WQSGL1YlrmZv2aR0D-E61XmQZB6HWjAUDL-uEaStGa_niH78FPyl7If52HWItJ7bF_HtOMMSCFF8CI95PyBdENJvAW3jCNFQYQc3Yk8GXqh4XMpc3Dx0HuNtQGij5xzkAloPQJXETCIhRPdW-uorcnBdhdnraLWeR5YjKFGXEVrQkIU8Jib5UWj5AGVg6DAtUY74mjxTQmZ2Ajz__zUaSnQQOabBOrzT-PN1NlLqIZFUuYtV0ZBiJ3BhYPI6l5MlxZoXZkogC0atDWTwev8Q9mONvNvgh-jG5sx2UIQSxw_X83UWBPH7q2KtAYnGppzWR_tTcBNln7BWhLH_2T4y7q1ZN3eP8lIwtPg-tzKakwkazUiN_8n_CYMPczf9xpsj5PB-8TY2ATpZXDZ3GIorxG5dZYch_ntM7p2-62FPMYR-hiwHv7iTtF4ASl-rU9Fd79bKiJ91P35_s5m9Nr105JKKVrfRwvhvi2-ntC-3-rqXDMRF2yEf1BlKqHhQA1PDeAvdsY4I_INKMWN8gt37qKwdto=
50,Budapest,Brussels,EUR: 28,2024-01-16T06:00:00,2024-01-23T08:45:00,7,https://www.kiwi.com/deep?affilid=istvanpisti&currency=EUR&flightsId=0b77091e4d1a0000d179267b_0%7C091e0b774d21000022ca1225_0&from=BUD&lang=en&passengers=1&to=CRL&booking_token=G7XgzGHEmGzH-RAf6C7B60MAeXMDTPzOplMmdzOJ_hdFs9B5ctekBH1c0xfd1oypzxSd5ZIEyufsH-BrcF2GwCaD8h7kUB6KNY5J3UW4Gai077iyLm22pTzU1OxEPc9m9aREl5ySYp9yA3I4x4co9tzDcqB-xTpC4QXyx-suR0RESi4hzRjGTBVoIp5IZSibuZQauu_nOwEUXJISUGbPCSansVrKOgXbQ19Qxn7wxh3xFpSHVjdN9wQAmTlp9zai0HXQj0LpbfRFZnA8cMW-0Asfzsh9wDcyturdpF0elRHu3jKjdi6-UENtvay5zvN6SOzCbArCLYq6x2xj4OeGm_mrw4BrUrOCICAfanNs_g3wW7WgXbY2plU_na9ch1KWF19dVLRDh6zzv1FQx9y_upyNHdtzDOsPoOsQGfOTdWVOmVla5o44FsZwrbLiRAFmd2WBeAJ9kPlflHiVQl5nf9vUmTKQx3I3lNxjILbOiXGZmQh_oD-5irEDs_sJba3jVa87S3atNc_Rw6Fupk4vsFpZ47Pdxo4mDVU-_BIEcGixWrdXoxWeql2WKfLYXapmCZu1vw1Sukkt_p7TwTJrW_w==
51,Budapest,Brussels,EUR: 28,2024-01-13T06:00:00,2024-01-17T08:35:00,4,https://www.kiwi.com/deep?affilid=istvanpisti&currency=EUR&flightsId=0b77091e4d170000a24f8549_0%7C091e0b774d1b00003cbf92db_0&from=BUD&lang=en&passengers=1&to=CRL&booking_token=Gxcy-cMD3a2yeEuNEqtNu7wTUbGgEY8Wj_shpXgb2CNwWUgL976jkKZAAS8wMpCkr4VAtKp3ktwKO41AyXilPBTc_8h6T7WXexH-XKppVfI_YH9FU0ycjyXIwlSs_kb7GcmLGsDdykWiUIzSnNu2pMLaxEKZEvJlZ5pEAftbnhsRACi_NNmnQp5RSbF5cW_KRONNYIAoqRNkoEtmd9aEm34Kml1iWM11fdA7Bs7CPfk-tTsiiLF4ZcfuJ2jzoT8aifaZORXaMQQJsMPw3ITkDBNSmmwBBwmmZFWLfnB66RmLwHviY6tV855GnBAu8nVnZ1mRAKYU0PkpMTJsOy54vN9tMv82lGOdU1CkT-sXMXqveQmJYyAXEISINlMvg4MQY4TWqkODtIriGwsskxct5h5IhJYEyiBR2iWPJhXmexicIZ8vyUXhQ2JqOeuFWXZ2VG_GN0SkjV0Ht9aiWLx9t4ZVZgJLgaMP0jR6yTUb1irTNXxT16ATVe4_6agI40o8xP5SLDShVDQD2Cng2qQEi6KIQmi_ggwg1Ug0o_wpys7QNPiVoBeKXSRMRJRUVxdnv
52,Budapest,Brussels,EUR: 28,2024-01-31T05:50:00,2024-02-07T08:35:00,7,https://www.kiwi.com/deep?affilid=istvanpisti&currency=EUR&flightsId=0b77091e4d290000a9a96954_0%7C091e0b774d3000000be4f8ea_0&from=BUD&lang=en&passengers=1&to=CRL&booking_token=GI4bSr-Ov08PArDRg5TR9G2yL_f4wobq4kP-gJImck3Kab841-v2vRVC23QPtbryiPUK5UEzQhH5deFzsXqbvq8RRnLS_IT5i8cdKhYKbzsV9KmTHH4QG9BGYzBW1K8S8vCqxLceQr22Xns23x6l3g_mnjxm-U7cQlRJk6gOIowIGyiuPZRoclNIi0cRkaz9f693fvbZ5PHCZvOHLDFOiamisEmMQiAN7an9RHwxxReP8LpTXjgWHa5fXY6u0L7zRoVvxL3g4SOI1muu6WQJpl1sZMOfSMdxRx7USdXP_PZsmCEYj8bqelpYWLlQFlK7KxPzbOp9rGqeuoHNxi8LwS7PuIx971IYzQQLpCvcyq1p8NAPhj_uOVHpXBMI46QhubOn5L-9LMexYwyBkTLc95syaNnNMCDDTWxtCGYsLfl7vGwi-K6xOMIvAa3Pjq-JJdKa3Z7wJwX6AGdndoNHyassVFHo1p9LZ0M9716bqWTA5cgCnAVmaEL93asUSHFkruVD-Ko6y9rQdnbUOqppLRZpUMxRJGkFllgBy9vw-ir7mcmGAMTekgwKqM2AJsPd_ghjLcILmHSgGT5FecXER8J8UgDkVejzDs3Zkke7pvhw=
53,Budapest,Brussels,EUR: 28,2024-02-13T06:00:00,2024-02-19T08:45:00,6,https://www.kiwi.com/deep?affilid=istvanpisti&currency=EUR&flightsId=0b77091e4d3600004246e611_0%7C091e0b774d3c00003be982a5_0&from=BUD&lang=en&passengers=1&to=CRL&booking_token=GleiUPzajy-vji9YcHQrlOEbmN9uoBcPQIVoqUtmLCAq5hrx9mRn0bJZsmU2ytzKmgPwrcEgXrK_S9NZOdf3yl4OBF11zScI69_t18_NEEudlUZ-7zsx_Jb5xnfg0rijXCcbv9wVW23-pg6J35MMU7cy2sQcBRJQlA9ZvofAt_40jayxgSx-RSTWPUOpp3ezopPXjkHGz4VLCWPzTmEQxiw5j3ar8hcLRf_c7zeh0zadH0apEEgFosjx4OiSImnfZ2Cd9m8zIqtTw04XWKJMDlosFNUmPad_UDz5xK3PbHIJWYS0Q-qZs-W4b213PCTSBFr3XnLqUlwCz5kgTfBDfvkazxv5gtt3RasP1vGoFMJwcnI_w0-m_a8jykfysGxF1yK-11cOaJ0isGsIAcGtw-jnpnOJtZTpbenKDLh0x2s0SHiVJGLw_quGPAhyN_t-UeaHfwPTZaDz7azSAtbxFfOxCwxjkhTJynq3UA5I901x-_tvqXWELEo2Vintuc56XriAeVKwNLSV9MMvKUai_YLqWsMeNRZ3_OqljTeIYZbw=
54,Budapest,Brussels,EUR: 28,2024-01-15T06:00:00,2024-01-20T08:45:00,5,https://www.kiwi.com/deep?affilid=istvanpisti&currency=EUR&flightsId=0b77091e4d1900002462cb02_0%7C091e0b774d1e0000ae4752d1_0&from=BUD&lang=en&passengers=1&to=CRL&booking_token=GHpIvr02PVevZMPeTFLvcE-TIJt739fENvpmbmpNRFp-vx634u0_ZaGNT8EwuozAulV5iVhO1JZi2hwexLt2Jr_nLkFCvHh4q3KkNV-0J2PlgjPnuSGsEqpd6BjiXJOtLTdSeAI0MPuHELtpGyR8YAWwpdv5nMC4ZJxlXEzrQLel439vBQTge9EIb_NuDYIgY-FFU-vyeDzSlB0U5qkwa5LR3V1z7hsLwkdN9lSyWBPwfmoMXoBumt3fFRNdURh5-3xFae-8pVEdzM2mFWJPRtjgCS8ALm7EbLDlWKhzgkeIVbijqgguvcS02Efo_6rlXEQiNJIBhuker9_FfSnFwQ36XhpedsUX9WyQ87KzXVpJDvCi6tu60IjyBTfUW60DJxwv1uHD6xLYKb8cvqJ0BOBcG2x6pgmJK6B7mU_c0mz4sz2-X_iEmWwiDiGr3Cvlg21hmVGv_VC2Q6zq315YSwU8ZB9u8Njbv4XnrZB8R6v1NsWmM58s3pc9NqAYZ_byi1YQPHfHfmIj2CGeY3_EXKhsFIdgsXpDXvd3soPnzFNhPuJdU_0mCwbdKk_Vls93Fl5RzRz0de423p9s9HGh_jA==
55,Budapest,Brussels,EUR: 30,2024-02-07T05:50:00,2024-02-14T08:35:00,7,https://www.kiwi.com/deep?affilid=istvanpisti&currency=EUR&flightsId=0b77091e4d300000da880d90_0%7C091e0b774d370000dc9a48cf_0&from=BUD&lang=en&passengers=1&to=CRL&booking_token=GMQ57WgbpBz-QT8CmuNkih5ttWp2i3koAXlxkXguyX7LBa2tCz57kVm4jXc12y6guFEMl1RxKfSkhTJaUACgmp6lzghI0JF0XRF2FSbxIX8Y8ucVN4UIZaIGeiTVdbvO93p5vCj4e6gOe7RIh40BeT5R3cdjVy6Zkqs-WTq9Wsu9CizfRdn4cCr8hoNKhsQY-oEhIC9h6C7vNYhHIWLoAwBwaD8qI42Ka8qjfS6p9zowOaQovA46WrTF0rwL7jUrk4LXvjfDckf5Rb6RNulvD1Kr8NhAImYTmWRlzNd_GHhXGYQHTeA0R7Vx-jkwbXx_HASRGtvNtJt9KT1klqnNQVy6nklzgb5F-h1sQri4iHnEmevft6GH5rAq6kstL8inXRPV3mUhtJoBBxRyunlgqvpYPKiRrO2mx0VKlWkk8vX7jbLY5FyTZPFs-uIRA4seEYnGCULMd4ThUPxa5AdAeR7-DYqpRyLfGpr45fk2yt2dpr7_9L9saHb1WlEBT55zVnkKZ0MeIfPB99A6Ar2HhtV37mrnRLMAFn0ZpL94NM3XNhfMq_e3qobeDbHjl-7D1vOyf7jyzd4E0A6OA6g5KV91UQQvqgje0MUFa4R00_FYZPybJpWhJmtyVx-xkuC7AkrHUFDysRoyfLmfuFrjpYQ==
56,Budapest,Brussels,EUR: 30,2024-02-08T06:00:00,2024-02-14T08:35:00,6,https://www.kiwi.com/deep?affilid=istvanpisti&currency=EUR&flightsId=0b77091e4d310000299736a5_0%7C091e0b774d370000dc9a48cf_0&from=BUD&lang=en&passengers=1&to=CRL&booking_token=GhwqvWqRKjh0xUkwqgtK2ctWXVA8hbVlBs0kL7dAi6rGiRkLgDbh0mn7p3pjqwPK3UPg_VOYtEHsgIgQvKeJH-73SMk2X1SflKVgWMW14c-MMpyic6aZOq3nNAkloNWhlVONeDC6iq6gvtb9ixNHASvwJh9L-J0UnpjuP84ijft0WydcjO97bIgPmKv3Kspn2lDgcMSPGo3Pdg2zBkP4EkfocsPWs6ZxkYBWdyYg0h0dMGc_HBjl0N6_86W6kdoiXpzwJz218z_2hFvdLzcIOvYkS_nRLsMDzy6-WO-4moWsFEtkuxzPvHp4Ho92BWokaBoNRKJOOE0dxtpqe9FlJiWTWrPbWDxFz23xGJZ189ZRhScP3JmWdjozegSyqjbwW9eSPgnVWUmp8xZf89xerdxafpQF5XlhFVNENQzIeXd8NG8N92pwIe6q51QynzOb7dJ8FjX6UI4CijvB50T7Esv4ScNQU1H5R79KIimhYscNlTuVasp1LBQDjQO6EsXHCRB8gbae-HJ35mPBHR42hb-OxJaWXch3GHMcPfGvSKhaOUS_ZsATcM7AYwk9rNNyFMguPp-B722Ku0q1qdzJSbdx0IouGymyKLu4_s5v06pQ=
57,Budapest,Brussels,EUR: 30,2024-02-12T06:00:00,2024-02-14T08:35:00,2,https://www.kiwi.com/deep?affilid=istvanpisti&currency=EUR&flightsId=0b77091e4d350000b5ac0d19_0%7C091e0b774d370000dc9a48cf_0&from=BUD&lang=en&passengers=1&to=CRL&booking_token=GwXqD8cCgS-UkQkGYQHzzjzcHg2GAhj5N7MtpcibR0XMFc0-nmUHK0Cuil8RGVyq2ouxZKElYEPEXxuB5U1bTV5z5R2CM4DiEW8HZGg90XrzcPDScp6xKNIWAZqAaweKg4MdOiyMrIA7CWB0Xi8nCc3jD_0vn4986ZmtBR42t-kzyWu8LNWAX1sDkzziJB0sf8fTK5kmsAPBSAlFE6vyo4LqzolvTLcVKv2V-ORdaNCN4L0C9961HrRmAEDkwF0V-n36jaJWILLsHwDkmf7G6L9GR40yPzn_2IouRJ4KXq3ipdoHHe_UtQQnIaXllz0EQ0K7we8JTiitsh0whEa9iM9HNcWFeorjyzzaGQfFr5KIYPoGsB6gzoYPC3qY0QfxA0Y_T6dwi28GyY_gUBWkg21HV_QQ4h6hK7VStCddhYmXJw7REe2aeaha9d_Qy69xNAnW641so0lmhPwe0A_eZjIa0sZLkTDtTLxQE51SPS8_inm_1D2Mjx7MzV-LCsrBmeERFKMtxKd3bXyWn5c07O2kA_g6ErLNfDjN3CNszhqlFXq8OIo-ySUEokvENXm13gL1uIoeNjTagaPH_gEjQxw==
58,Budapest,Brussels,EUR: 31,2024-01-15T06:00:00,2024-01-17T20:40:00,2,https://www.kiwi.com/deep?affilid=istvanpisti&currency=EUR&flightsId=0b77091e4d1900002462cb02_0%7C091e0b774d1b0000b53207fb_0&from=BUD&lang=en&passengers=1&to=CRL&booking_token=G1Bcg3kEcAqlohBseTwslsCZXvdGPBBR0bX-cPtH4fhlp2AKejaHK3ACWbX60DIHvP5ksZ2mCSuhcgsXVnBVps55JmmuQ4jffDfuCzoXNkMjQMh6qVE6lWLbG9RpHW-mEhbA1Qy6eonK-6pdQ2-efl8lmR9Ptn6GBdvct1JGA4GZEWtqmyEM_XrBPpSA8Jai54bTatYq9ouCK0pvuzgd9b3mf0bpCgW2CvIXjTbbNCDSHODhBKtjQtfRgBqdx8PjCC2AFMitK5rk4G_aLyaw6ltJokQXf2cCiNzpCHo8SFbXxz7jgh1MJ06PzbyssSQrIcJH1w3XUKImjewPA70mqMpOfEPia90ydRTFPLQ8wFeHGfesyxcIECbZ1-mptHzvu1CI4Z8ym82rt-HoCXYhK1HUu2A8JWnnJ6Z9pPiyVR6CaC4hwvCL9gjMR45FrGxaE3aG3RoHDQEDZmW0FFcuNs1qpXTTzAE7r0ZK6iOFgkvrNedA41imoRXW3GbCxdd35ZzuFPUQPTli64_W0cqAVQA5d1VW7D7SglGvst7frOdU=
59,Budapest,Brussels,EUR: 31,2024-01-14T05:50:00,2024-01-17T20:40:00,3,https://www.kiwi.com/deep?affilid=istvanpisti&currency=EUR&flightsId=0b77091e4d18000087fcf175_0%7C091e0b774d1b0000b53207fb_0&from=BUD&lang=en&passengers=1&to=CRL&booking_token=GYDPvhsQAUSqbs4lKpqYpfzmhzknRsFDQTDJ8NnjE1m5gVG0Y598ngpdbmoV5aUeU0Hv7qqzrd4EdL0S-lBXFh1YoivBrdUtpItgw1Iyk75yAsY9XM14Xv3KaQYC5NNLrElVxSY1MnVjtrfHgDdlv4OMp_-7Xlk2IUMwJIXK9xs09efNHjM-Jo_VUr9pKdKMg-Lq1KeGhThOA3o7MwbUlTkp8UAz0NHIG2iecBseeIbVuSeQGi4hPFdX-Vu18cPYofHJhPkQHzswxsjGXXrPrhuFK4EjCiqfuEAUVGoiY70aptpDSlHsL35yUws4eYxqIEz5Jpl28bm0yC2l1KXTLuQvL_IKHEaWEXNIEhdFWieYeDdDwOvFO-HJ0pjC5Pc3rPPwb2ZgpzICx0o6wIaTP2pEOwLk8PEhRx1nqfNxDlpbYool0OZPEarzsIBMeILHUG0NIxbOzGMLjoUL3krQ62M9YOvyQac-QAQMeGcs7ea0bbCKLBabeCqC6Ya64TcEjDORVO4Rt3DJChZGEmrWw8pCZrCpTQVwjQkdbaqc8EoBNWsRtHq3sm2cc8LSynuEL
60,Budapest,Brussels,EUR: 31,2024-01-28T05:50:00,2024-01-31T20:40:00,3,https://www.kiwi.com/deep?affilid=istvanpisti&currency=EUR&flightsId=0b77091e4d260000f96aaaf7_0%7C091e0b774d29000027c8d6f6_0&from=BUD&lang=en&passengers=1&to=CRL&booking_token=G3LKniQi7xtUPcA5e6DvgwsaGPj3sgn0dZUoDP-IZ_nnFGQ5huKYdH0MFHaOcqWdZPKk_DKHPsz6pCWXvbxmfR1uhb3oqRHuTBjhHKyW0r8NvCYt81MFvOQpohC7yPuAVjfRDTJEstqMAxFZABZfpPrGiZZW4Z8p8co-ZxYP-rL1aLiajSy9oloYllSmA9XTt4PvopARMFfwEYWqFh8aQJxY-3XVBkKa5vF5lenDL2OfAleGHu8J8lp-O5uJU0g2azZablCpCdRohDVt5EeWLNF0vOiOLuYoXbFT-8unYrOrCcXERXuEoaTHSTYf1pRbuaHKB1uRWAhVpqj0lTWw1A7dT2Z8NKdSpMVD2D3Wz6_s1bsUYembwkXfP268qq6h1G59DcCMo1yxXMB-z3crrd6APGfc9BeQ9sqoAiezhLyTc6Pp4wXKcA6pNduPEmHWDvu-y-4De9YsY4KSegXahKXwtLPekeTgQ6L5LOfPdtc6rPbajpqqCK0Z65Pxzyqr9xAXdd4UOI7E7WeYThJ9Kq-xbPMayWI6lwRMz5apOCd-mtsdBOrvlm5eHWCp8TEqGiWG2n72wk2quy_PpJeQXKzXSg7Kq8J0RnAiQDx69wcY=
61,Budapest,Brussels,EUR: 31,2024-01-23T06:00:00,2024-01-25T17:50:00,2,https://www.kiwi.com/deep?affilid=istvanpisti&currency=EUR&flightsId=0b77091e4d210000f3a6e75f_0%7C091e0b774d230000bb00dd14_0&from=BUD&lang=en&passengers=1&to=CRL&booking_token=GLh8HbTfHy82E_wq9chIqPhyy4mXswHgQgjrKUZim4V0Lmnlxq2YRXQRn0Wm1CqFMRFV8Sepps6SnOB7d6h1gO16U8Y5ZWFV8Khn6cHqv0wO9s9mwvzEaGgKeK44NBQUO4HCN4v8ZVi98sl50yY8LnBQ_gMw1B7ZbIbw-sEdiQghvVHZ6q_GS_s6zAIbGa5Ir-0J9VKxgkODrCMbOJp9gCKAuMf2CXVUtS0k_EJCLQe6Me9XwkjEop5l9eF_rUc1O0Sbr193UCNnmJNvRwZqNaA1-0lJTeftgOU_Cj268P5FQjSAXKTbWf8K_wXrMo1h_XL5k0KnEDYy3HqVc7qyauv-hA4HpAFCsbsElesccAkYAB1wmvJNqdkuArLH13IGM2H7mHhLden7qzWWrZBsDRbHagJIUrUDLEzTlFG1lxp54xlkR7d46TpA36AWRlUXl7kwJJN6SbPTqSrYfeLxLq0i1yDj-2Fc7aqVd-1dX_rv_aFb90Jby4n-_RoAhu9FEMRJaBscKUoR_tEiefwgyrvZEwNSn8w68v7nxqtroqqv_vmqDa5ZPP-cN-qFNl_k_
62,Budapest,Brussels,EUR: 31,2024-01-17T05:50:00,2024-01-22T06:45:00,5,https://www.kiwi.com/deep?affilid=istvanpisti&currency=EUR&flightsId=0b77091e4d1b0000edd367a1_0%7C091e0b774d2000003746afc7_0&from=BUD&lang=en&passengers=1&to=CRL&booking_token=GWc_FKPPcM9M2UJLQPT9BLNiCwivlOVoNwAmyogpiab1YNkVpabRccf5HxfEeyKcCVbjzSfGVqjRYNeLnGCdBvQRZelBTRqovrM2ASYcCWhrT9KPa07j-W9p8HpcMsh-r0Ek0kaF_sPD8pL0I3ZTePnL4zhEGw9nmhLlkwezFNMMjZ1hgANE2dsOa4JVmt8zlptmUg2VWj8ug6QMXIzQeoIYCLL4Cl_ubFQvnC2SQD-cv6h_TuzvoQ5CIHdYqijHJsfrAyIx86djIc5NEkSclxSQFfKclrvUP9NIj7qsV5T1xfxKdYAaL7wMr4wCsL2Y1rEobSauiO4Vyxj7P1CxC_80mvH3nqtf_5JQ747giNUeQ1z_kT_z-HJCMUAqXkorUtO7kv0FToFGuwCuO_i6VW2JG_nGIReKDQvWMkBlBppoEeLzt7M3w73irqHkEkUrMGasPPHZG7yQn9-lV_xJzONDazJk41S752dKPXSWa5fxlvmNhpUEWV5A5iyt3c26joZIguCv86SFzWAumT5VwJ9aWzT0URc9GtNc91WyO-cgDegLnyebD0qIK95onN8TH
63,Budapest,Brussels,EUR: 31,2024-01-20T06:00:00,2024-01-22T06:45:00,2,https://www.kiwi.com/deep?affilid=istvanpisti&currency=EUR&flightsId=0b77091e4d1e00007f2ba7ab_0%7C091e0b774d2000003746afc7_0&from=BUD&lang=en&passengers=1&to=CRL&booking_token=GOB8U8KXtcWp929XD8l9VAdVzbQpyrORX8cGZp4ALidaAQeyUS8x5xLRndRDWxzrzPIOyZk49kncz3SqjKd82r1TmVsdjxEgEQLBO3Rf0A1AOhOYMdEBHpapwnAzEDUceOvZ1FgGABHpQAic2leYzyFTJ6MB-irJCFgIoIeQUpDuEF_amN8AQ4Q5IiC9ohPWttu8Hacexr_Azo0j3Peunpm1o9nkWy-5cDgUBFiKZp91yab3FOCAD5g0wzwExWKmvp80VNL19GG9646y9JIZyEWgA0nvc5b_GZ9bZGN3V3Imd1enxU7Bzc1-Fuof_WB5B0eTzObMA6LWeFH2kO98MVskz6B5EX2p8TMulCQcnBfKX2GlCKEoDFkgj7zUv1cDnIPR4FmszQRNEBYNeGQgLL8G7aQoHelsGTlS2BXA-_o95HHkh2h9ODZtFkUnClD443_PUmNEA2KYgYxFuNZ2XWbqf-nc107uyVqp9Al85kaQ_RjeKUR01mki0MLq08SBFWHu9UkJmMjsvsgdb8-AxAWrd8inY01tH_syiqTi-xtvzibm117maNP27ZqFkNXaLodGZ9LW0w_LNZdcbTxLSeQ==
64,Budapest,Brussels,EUR: 31,2024-02-14T05:50:00,2024-02-20T17:45:00,6,https://www.kiwi.com/deep?affilid=istvanpisti&currency=EUR&flightsId=0b77091e4d3700000df6bdb5_0%7C091e0b774d3d0000b8accd86_0&from=BUD&lang=en&passengers=1&to=CRL&booking_token=GrIyAxa2E6LeJJ7nuFy57MuIH_L2SmmiwSmlCKCRE-utZjPr0VCJ34g0bv2ynaXav4qjA30FlOM-5OLtHU4HVNM-cWR76DkybsaZvpkuRmiotchQJ_TX1W2uboCvOp93VWYPVIYwHCVsgM-q14KwrkG8cjkkjFFGHB4rWgASb6gq5WH4RBctJY2AKTXl0lnPcVLleyHWicW3ydxKltpesu6JQpeeoiimtvkbORPhWvpQTYUFXz_RGZQrHosAM5F9DfyBiwR_ANbgTkPZRpb97ro7jdiNyq0J1smAT-37sk_2qR6gbBv3b39G144AktL950-l4H6bABevan9v23FNU-zDV9TzmfB-CM6fbGbM-R5rkmFjjXoLplkq2IBJuOBU0FDu6Vx4w2uiwRCM7zRLebuCoIbW9JF4CAncB3aG3WdS1K-KzcBlNuH-1nhgI8gafojTGwSWyY5gjEUmqqgSYbJ0hRkL29w4q5Y7vU7hDbm3VoScS03nAbQbMlW6U3l67gFHcg4dB5LLiz8c9VnlPeXxE-F2YejwkjwXSGWy1JhVwSrqlWeN41ageGSSosgoZ
65,Budapest,Brussels,EUR: 31,2024-01-18T06:00:00,2024-01-22T06:45:00,4,https://www.kiwi.com/deep?affilid=istvanpisti&currency=EUR&flightsId=0b77091e4d1c0000d757654e_0%7C091e0b774d2000003746afc7_0&from=BUD&lang=en&passengers=1&to=CRL&booking_token=GQRLhWmT8TDldJaaejsTmEWx9nzVwLTd4pTYy9EnWmYBLTXYcuQUNZ4SrMGZnA1d0lai9AuwZIBHaRiffzBQyWfLWGoIFvVD4_XN81bPXo33v8Epl2Pw1DcDEvBvM_vnUGcGK3AaGC4kEUY15VaJSQfxPUSeOsvCycmQ_n44KPl_BUGeaid-1-sJPq6Avw3HjZ4x7g6r6p8EOanTcSV-Jv4j4sPTybT9TJeLc2Kt3RjdRzzdI_eZb_hphS428cteekw06lH3343T3nyUTObuvzCqvg3vDuTyYkSZUjXfgy9GKiDpzZMlsl7D4LQGzVQFWdxwfyxxjP_wgacHOJhN6tlsAFryXhXtYh-fYKzHkKz_26C3dr_VHK8A8bmP-ebXIXNwyAT6ysgT2CykorrVM7edRbcZKY5g6su7IWfP39np5f8G07dWSBqulgAkJSG6GeCgqp6iMUutgjw2b8_dQ6Sqi2PO327lg14FCKAUp9L0kel4x5PkX__c3rubMqOioT0Gim_X1Qnkz9hVPFj0SSfpeWPcHUOS-UmXK_RB1W3Tqk68HC7tThPqJpbaR6FxT
66,Budapest,Brussels,EUR: 31,2024-01-29T06:00:00,2024-01-31T20:40:00,2,https://www.kiwi.com/deep?affilid=istvanpisti&currency=EUR&flightsId=0b77091e4d2700001ded9d73_0%7C091e0b774d29000027c8d6f6_0&from=BUD&lang=en&passengers=1&to=CRL&booking_token=G7gEfvxSntAsC9wKU3uAuYpVNUxr041TTD5jPsK1AXPJuYtf0WH7xw9TxQ8y9h5yN4YP1x8rPrm1k0D2Zcnm4IzqsupJR7y9xH007gIZ132RZJzjBkEg5YnR34Y34CkzcLJAz-k7IlVNRp8--CBlK_RY-CWliY7BGvwDI006TpyMLknLZmnDZisUNZPuBnKyNn24-tov_149G-5-sXwGO99KsjEazssNbsESNslwRuVyIHAbdbd6-pjv7zDNtC71q5O4-pMKq3zkZ_6Hw0EPRvsgE2IGgOCzQc7KOR4XSqMRZo436LSIlK8xw_L4Tq-QxT9PAl19P6hAbQa1733_r5K1HTlBYBFya6Wr3KDY0-VbyNnN9uwMWPmUwHrZgwbycW1uTNXas94p-3r0J47PtNvup-o1cb0VzJIW2bloRqETM8G866orgs8OspX9RTes3WEmOqh8CYFzs02Qn_vfs3Ks263SHJVrkD8YovKfqLM79pHOP1Heh-kpXY4yIkL6yzMLdHH8IjS9vnKxfUYwIMRnUNMqYBbMaKnG8D-vKN-4p9Ny8ARkqHqmqa1y_HWQP
67,Budapest,Brussels,EUR: 31,2024-01-22T06:00:00,2024-01-25T17:50:00,3,https://www.kiwi.com/deep?affilid=istvanpisti&currency=EUR&flightsId=0b77091e4d200000462db7f0_0%7C091e0b774d230000bb00dd14_0&from=BUD&lang=en&passengers=1&to=CRL&booking_token=GZw02UkUSaBr1lycylSaX2tIgpCQNwCLjI1c5sVQjlQhwJP6yrNJueK6JD9MT5XAqxviZVSnaYj2SQACD1NaCyhmYYdsK4MqItxcWEl20HwFyBEGFspJYPhfsLy3RSmdLWAe9UrWtj4ZwHbE--31b1g2fvTSaVxRG-aW43BmImx43dxLYQik6TyjVSHGlkPIby2mbJPCd5KE7m7SeN54NOviyLizmuoI2gZ8q3WWH3VvItH4YANFVNyMBAr9d_7Yc1CcLQJAvW8xzQpOLCXUQjpPnYUDXYD0YNhYcbBiW-EBRa6pzbUUKWHoX3MVvbkxBRl_3_OnZ-O0cLtNyTSPNtX4ExgnGRyw_72LwbeoJa1SrSx6UboxmvCG-GosfGAymSGFiuvtrfXLzq8LJpODUdMIcaUPkqdz10I-81dAIDeVOs6gpyB5JyCwuRx8LwiO5PNay0yVDNFFwz0yWZcOXNS7M3oGnK_qaH_gih9JO2e5VpM2qSAwTF4q60QFjXaQt7kqNQ7cJtyAFLJzSNGd36l00cto9kwFahGRuuYDv0KsnjC1fES6kYo3CSw8NZegu67YDyAO-6tL6PX029ioDbg==
68,Budapest,Brussels,EUR: 31,2024-01-21T05:50:00,2024-01-25T17:50:00,4,https://www.kiwi.com/deep?affilid=istvanpisti&currency=EUR&flightsId=0b77091e4d1f0000e3b177fe_0%7C091e0b774d230000bb00dd14_0&from=BUD&lang=en&passengers=1&to=CRL&booking_token=GR_mAwcWTotH6uAOXcWOtqgm1636bXf_eokU1FXVEQIHiHSaRBygL8_3PG7Hxpc1z70Q37lkeKKagvW7Eab3ihVOwrn5A5CpwHjGwe8wNxlfFVTmZGMYptTj1RC880Y6KhKfjS0rivr2tO9L48HjcBtW7C-z_baJuznGf6jV1eqipkQCLVqcg5rcUEphlwtWqls1RLOkGF5J7Z3lCMw8epmHy1uzEETm62StAGfWHBo19UE2Ypx0JhGIsqklcV_ggwHpplzD0itbEpnU-h_mzsnUtHRiQLdeCCKOWlEsy9hGDcMdB1TmMHLeCeg8NHupZSIi78WH71pIQJxsVeMejNYBAMcvEhOvkzNhaMmd9X0IcVR-BPCg3z5bKoF9RMFKXBcDraZOLedn27w6Pe4q_T_UKUFFP5EWz7t-MBlzdxzi9v8xmfKYrselqQ88q9lr4drnxNI6dvkEItx9VmKSaCA5pl4FOFuU7koK0W-twSLlLjCdktvh7wyordYOtq0EtzZZWm4pCCQRPkQegYEYEFr30VnameJhV6Qs2j-0wXKzGqMDj9lEhN88U1S3FSDqG
69,Budapest,Brussels,EUR: 31,2024-01-13T06:00:00,2024-01-17T20:40:00,4,https://www.kiwi.com/deep?affilid=istvanpisti&currency=EUR&flightsId=0b77091e4d170000a24f8549_0%7C091e0b774d1b0000b53207fb_0&from=BUD&lang=en&passengers=1&to=CRL&booking_token=GSe7PU_phfEbb_CwQxs_glyt6tD7YBovGtqCCFy15cUO8VtBRzDn0rWRA54artKS9l1dX6HCvTPST-hNDSB2iyHapSrMHbH2DLhpCNC6IYsTfQSs8ipJAYoxqTZ6otSCreGZp59X3DG5E27XY0Z2XE-KJpj6Oz_ynp5fiFS8lSuorlqbs3g5khEWhVoA3URqAgPWu0MLEiVbzey-slrjdlriKOULy4E0-Er4JhcWvrXu1ibFJ2jwktbiT_9o5vOnjPMf0v6lEedA4Ujub2SZp2R33o-YjW8eh5X_uRjQSWK0bXGTJ4_N1lmVv6z6hb913Q6kBvRmzTxxRdZC8SqIspd7wtDgCYMjMidOzKXt_sG7vneA0CkbdlWttFh_vaM7nyWWpCL2aMXISyPWZaLq9Js6By2vR_DN7wRXB2ZZUwbfwPetxSzOVQrY6M4vnmPYt7HZWF_ZE55OMqVdhty3ZoLnPOPGi-C8zdqKmi81iqiYiIUiIFxNFWVq5E30ztjY5YxX-OrelV8SnqVNWafuCU2cPAhvAMq28DrxNsX02grk=
70,Budapest,Brussels,EUR: 31,2024-02-05T06:00:00,2024-02-07T20:40:00,2,https://www.kiwi.com/deep?affilid=istvanpisti&currency=EUR&flightsId=0b77091e4d2e00007b5dadee_0%7C091e0b774d30000037762bec_0&from=BUD&lang=en&passengers=1&to=CRL&booking_token=Gp-lVeE6oMA_Zqch5cMDbJaryA9Qs9k4rXRJlbccNhLttHwMqS1iX85YiXKHzYUWbir146-9gPbTcXP0cty1hTwsvV-CzXiV7rwXEhVVdt8pQxIBu6xMIwz_qYqmbqzAdb960ATI8-lAm2tFaAARZFYQJe45xsSFw_sb4YCaZl_9dcF0OY8Yz_NeAnSN-l8rDpUT9La0q6JCJKPpaMMvyo1ny7RvyD3zkP3wI6nFiabGJUQCcxJbFXSgOHea16-BD-bwIkHteBldqViBriVYNbOSD6d314nTZYh9yLiUZ1Wjhp0dT_K-9WYLBdOcP6qmVoAGsLRvbKs-v6Sr5PTSkmMyc34hm-tZYKGpCTfvXvapIHcnUjUddYuNTdCu-YqOZHrutfpM1zmXlHryjnTOjjn_pRzsqq61bdlMZ_5BvW9_RwBSjutOFee7UJ70sXijyw_UsFQ3GWNr0wC9SHAyT42nawHVpCyOgBNyGo27jK72mBz4E5Z2YPXRFtP7x1eppOVk-KApMr094uKiR-268tUmylz7KCTS8mwAavQOMrd3sw_-o-S-CMwnKbDirKios_nSOZX7hEKOaGGYsxkf4k0pydY6GBJtD1ejBioNJCIE=
71,Budapest,Brussels,EUR: 31,2024-01-24T05:50:00,2024-01-31T20:40:00,7,https://www.kiwi.com/deep?affilid=istvanpisti&currency=EUR&flightsId=0b77091e4d220000763c4dc7_0%7C091e0b774d29000027c8d6f6_0&from=BUD&lang=en&passengers=1&to=CRL&booking_token=GCuB1_xCctqh2-7v0qnVfVtkzSlKb--MkmByTaY1pSUZKgP8ZUNaNLtrNURwy_k5G7Q7JVpIn8i70Aswu8YJgHQxi05QFR9bb8xul5oFV6saOehLQwVubN91-4NOwDO3UpZcmjuIx9sYzT1t1E3s0FG99__NY0dFsmbplBnI13zJrqUmh7UnSVQrJt2TPOGKLAxv0PyEYBTrSzZLHZp4ba1mJ8tJgvN3mXqGllAon-7GDF21mQtu57PWsPMKUnjYHGB9S0r_xRrppiFpOXT6lQC7FftaZ5SPzzlevNnc3pWvUGOp_mDVwDhDm8nDIAZAHdEh6bN3Dyq4UL8fzshlWabVsmHKfuGF8ZvASG9oaNyrXhLu542KElt5FL_Hec_Yo4UYsIyirA3OOM_HyCxuCdlF111K-q4mpru9ghc3s_wBKvI3W4LL1VYt1fAkUzmYgfGQeUQt92op7xVdobIa02R7k-9osyWczEZAth3v47cekmvgiSmOfeDrBC1iZPCgtQcuE6diB4axy8OVVm9dG-qouVN-eMeA05-6qCZRY-dZEbbOOtMwVGGUDzQgguoaTUhx3oVlczk71Zrtr4mS0kA==
72,Budapest,Brussels,EUR: 31,2024-01-14T05:50:00,2024-01-16T17:45:00,2,https://www.kiwi.com/deep?affilid=istvanpisti&currency=EUR&flightsId=0b77091e4d18000087fcf175_0%7C091e0b774d1a0000ac977017_0&from=BUD&lang=en&passengers=1&to=CRL&booking_token=G9PpkwrTEoKs3i0yiOBN7WhdknlFV1Jm3WnzmcoCB4zOUoPGTSWIfQ3jAXbKXl6XiKq1rG42cve5wpkQFTsiBDKftV08UHmXPmjCM6hENIPvBv2l6Djn2DdZPstqTGoudUjvZfETVRboInozePskL2ZS_jpkpUTQqcI67W3t8aj6VQjHa2mLz3clY-eq3hN7xpiL2_esqe9RnyOOv-bAzzSBAsTv4UA16BceTL-R-aa3e8W5_hZNrSZ7-DYjX8d6uRRPVXxSE3887p12mg_jiCntp7ZJlbt0i6SSPi2CtoVinDXXQNYTF9yjj09QSoPr-brKYuzdlc1yeDsC-x36klvP4GWF-IU0MUAPQfK9yb5E-6u0ICcvUu0T8pEEdKUtSb9ZRg0T6TUm9t4pK4XdA7QbMa_wYcoiSn1-PrL9Ew5THHpS-2WuZ9XRHSzzjr6VZ1GoxsSYNSDJ5Sc7EO4LnRh6VFoVtb5g87sU5n5FvkmvqFme9gy2iAI7Ghe2SDpflxWIm_g_PDCf3QtaP_1_UMO2M35Dege_jibpvk5iQo8E=
73,Budapest,Brussels,EUR: 31,2024-01-31T05:50:00,2024-02-07T20:40:00,7,https://www.kiwi.com/deep?affilid=istvanpisti&currency=EUR&flightsId=0b77091e4d290000a9a96954_0%7C091e0b774d30000037762bec_0&from=BUD&lang=en&passengers=1&to=CRL&booking_token=G6aZjySK-OsUiG6B1nZ0N16tXPJdz2rfPPW5_L6tZ-msZN6ZCqe8AcqnX8a4OD0uGp1MpJtqHYDuzJHGHIoFeHbn0ZbUwonAH_9rCP_vvc0YzP4AxAtNCJzU-5BryUzV0z5YHcMBckQqfp7Kj_Ue0BQFIQZdl0S08NGCrpsPY3eO3578WizUNVSKD1-7MUZjOAk3nywaNABfmdFB6D-yfN080rNNwD_8O4h2eNEqsJ-wmDiimIRqCZj1ERrYa7ImT0pEQZEzl2ZImNU2qvosfES0Cil27ZIg6MzrxsB-pQwMKRj9IVHh1nQYfCtYv7BgmO8bHa782SdJJTdMGM4DIokQioCvhuS75QZW4Z65fZPgnP-EPYxqq75h-3um5UbDSRCSmhw62g6xHYYQeFClrz9pAQKYdP34Cj-hoDQaeefcmtUW5Zc7vRPkAnHeRXVCShaugD_c8wRv1I5cpqroMbQf8hSE6COMyh5KZ_CNR9oqpX1JvdzuySSwdx2YFlPTmiOlS-6eUIeG6VYBRnJSX3gGdKYcJPg0jto-w1iIytPlvHLJTlgNDQ8O1bcPkhq0F1K4lrbm9CtiL5CD177lfyKHdH1cXSQGCUQ_fgRV2na0=
74,Budapest,Brussels,EUR: 31,2024-01-16T06:00:00,2024-01-22T06:45:00,6,https://www.kiwi.com/deep?affilid=istvanpisti&currency=EUR&flightsId=0b77091e4d1a0000d179267b_0%7C091e0b774d2000003746afc7_0&from=BUD&lang=en&passengers=1&to=CRL&booking_token=GAZEF8Q9Exdmme-qT8tTsxdxZGfshZ42R7lo8IqeM_m4PH3hnaXazuwtOAFOGgZGXBqlwAAUn7-KEqGSpoidSDXysf5zOZ2rO4MfIWvZEBoASsS6c_ehob0ZVND1cFDRvzqXOegeBQF4iNu6vNPpg8SUP0JeaP71Yn3qGxKV8YFLBrwTbHd42QpdtXS65__ROorKlp7Sg15KcUEzFtXpfoU3X-ZJcv2kLzlb2inJ0TeD5fiGOuYZGv1OLWpHKnr7Xg6-XGmDi5Fr6_h57sTgHSi9h-OP3XBSTUl2kWAY_sIr1kMqZUaluLZMaMtZ5fkQO1pL0pPPOw1tLRw8rae47VJZNgQT0_do0mh-PtnOP0roCV2WfqjOiTZlLT23G1BStqY-A8C_qvLPPip0xuOETcbBWl8dlXsX4Ylq8Ielvizk4SUzd6AJbS-tod96dgg-HeR-iNoMHikBrMpSQcq9iUblNohClEU5gmjlBOYq17NAmIq9L_fkmTo_6EcHv6kTTb4_0jkCvPqfBN8fZfLEmNPo-brPB99ajJEXYk857ZQXHlJUyAtHHJgRqA-a6SQPY
75,Budapest,Brussels,EUR: 31,2024-01-20T06:00:00,2024-01-25T17:50:00,5,https://www.kiwi.com/deep?affilid=istvanpisti&currency=EUR&flightsId=0b77091e4d1e00007f2ba7ab_0%7C091e0b774d230000bb00dd14_0&from=BUD&lang=en&passengers=1&to=CRL&booking_token=GXQfj4RcqYP0ZsYHuNZ10-gV3zWcLu3g2vnjRtjYifwNSyfCPzS9CB5q-iKleMZgRrHRyt0X3uViUBXYykfMV_8n2qmm0_D_kspwkgVwXKeOOTcHpUpx1MaZlznX2pSz9fq0rFbYAAmt1AV28UOMr7gQE6BlP-3743vfsRc7bk6MeGIvk7cEEz6bJXu-nP7qVMqlz37Hh_fC6WGyX4YIkaNruEd7EPMKahmY5RtY5a68E_WG5H0zmdkKvo1-5gpfFFWihGkj-dCGYvxKx1aCqL7cS6l3xlyizU7DZxEIqhSZWTq0lgWwoev3ctiuEATsbkDNgVmzVD6IVqdePvULJpwUdmNx25nClpUfUObYtYzvrxO17tCUs6FUWySfGEgakutJf_K0tDk5HydyJxKAYHvOfynhpNGCaUUkzCEICc_DSrrwB2dvGzht-OSAfoZZkrNvXAfXuUl4QWsMGJPNNVfRgXC4ixC24YttQ97N3i5V96vRcNS2KadqO44i8b0FdeKrqcORhwd6bRoklhVVLFqIiyr75tj_DN1HO64h2aNWxzXev69P0NItr0u4d0Z1iHvqRJ5lkI4JGetpNnAgJSg==
76,Budapest,Brussels,EUR: 31,2024-02-13T06:00:00,2024-02-20T17:45:00,7,https://www.kiwi.com/deep?affilid=istvanpisti&currency=EUR&flightsId=0b77091e4d3600004246e611_0%7C091e0b774d3d0000b8accd86_0&from=BUD&lang=en&passengers=1&to=CRL&booking_token=Gb3ZnsnCRO6jYMHE2621y3SlknPqhuINo8vN7LJlzmYfiwtLeisUXEmnHIkP_Nw5za7HzR3fyirLBsQbADpurZqCTO0gmVw8UQ7YBjWkRnXjNk-aH7ZCrD5cOc9OYIDQW_GBTI9tugensBdh38ud8Wgx_2ABvi6LizA71xj1WEPj_YrP4RS4OzOLFZ0DXrdGZwZWiKG97fYpK2IMTbttHXaNbhg9Hljc8UEhvXYGYmGQ_AuVHhbPDwtfGXuv0T3SrQMqFdpILK7xyUqCXJHQmM0B-2SIm7qF0gmLETOZD5Ckolh09QH9iSG_AMUdzvySfoWAJYZnZOz0lgvfqyS7z5kcgqvsIkK6zH3U2PCzLgmIOFJAAyNOb5dcmAEadYs8AyPeFn8vA76CcnJgC9JeMz0Ocgqa9v1nUD0Ua50fRWH7-K-oYOKch9zweTzU8F7Q0DRZTOk_VKp2-cdgaMcH35PGkHRi2ndf_5jN3yLkE_wFar9xmCMxeBsxI9Wdgbb0dv1genYTt5HY-avr6kf9o3fJS2QIV5S0kjJ1qoul_pTmJQSbyaxidKUFf77GceiXS
77,Budapest,Brussels,EUR: 31,2024-01-27T06:00:00,2024-01-31T20:40:00,4,https://www.kiwi.com/deep?affilid=istvanpisti&currency=EUR&flightsId=0b77091e4d250000c071e108_0%7C091e0b774d29000027c8d6f6_0&from=BUD&lang=en&passengers=1&to=CRL&booking_token=GOmTm7czA-Z8QI0TdgV6TNgGSNjIIMVgn_rnOQkJkwqATWqX_siITgEYWVZoz5ZTcr5VWrG8uBmSEj3dB5zYPd0Q7_tpFSvLAUE3H60Jf4XA2WZ0AikU7YxJSBVG21-dEBamFGkatkmdmtB_JKYujDmAm7nCx6-qZZUdBAuPAP2HHUF0NSueBXt3GmgKMCmAPWA7RXTmbYuSGuyPsArQmiJI_cr-Wx0qEM-inmmczTfJ4-aqYghUsfaEH92Zt-iwgC3cr7HTiAuz7fb2iPVaC1BdOPwFqVfYE3C5MRUA1UeBHj3vvCOtLh3U7_A5KbrrBTKP6MVmbwA_ki45JxFYk2GRN45W-R3Y22voKytUpm5zFYfpRXyLJxC8fhAGF1N5ivZMtXDyH8T39TlGq84F557Z38Eio7YVNr2-3zWR1IeLcpCPFdM3ngFowSQBkF9r0hVL9v98EieQ2ac86aSsSUsypNFsBANqxp2xOMH0uD7DGAgfUcCKZQTxQm2QVqZHdwFEbb2fkhHQrjnt74pkxbdN2t8bTCkj0DRZW3CBvgGffW20jZCLTYX1D_qUy-W5jyrjf586evaxMXyeN_VamRj5viaTMe4hJbnZ0VdQx-pA=
78,Budapest,Brussels,EUR: 31,2024-01-13T06:00:00,2024-01-16T17:45:00,3,https://www.kiwi.com/deep?affilid=istvanpisti&currency=EUR&flightsId=0b77091e4d170000a24f8549_0%7C091e0b774d1a0000ac977017_0&from=BUD&lang=en&passengers=1&to=CRL&booking_token=GZoTpSzCECZe78LzuBfCAK4hix10HCSnpFMRhR7GsITtI1eaJQG-24czaYwr0STrsWBk3K2f1ch2uFzn5xxHGduRAQinUQH5X0FLI5_5kLPwbv0wsUsr3kGEFBg-W4pJ4Gh-Nia_HmjrVYU7dNXrJTpFmhK1ZPDhUfGAIrkBXIF7gV9lkZQOUMcTbJCp3ElN8BM9xT5MsR3XgZ0B074PXlJGUw_O-Q7ozI6zdA8QkySztmValIMLch6j3cm0QOhNBwUrm0uYAeTVnoACe4BfU6bdUSiHVCHUvvQ745tN8639BMwwv4cljBoHvCw-As9JaQa7WFgwHxYPUjMwIakVioZREtUKT5xUlO-tGuTK1RqAzdoW9OpsbcI3uN5rprp_kQb94nu_kicudjUdbEmPWcedxVenJbNCXS4pS6BdYjrUt4rKM8pSLrk7COtm2zNxw4N6920mOyNHUdQD56tK_vLlqfUc0YtlcFk6hkOI9HuLPVBvQlXIdyhMNnqFASGpsg4qQ4H-nQh84KMMeb1oX-LUmyT_QbpHNK9yaFY4OxTOZfXmZTEO1rOWvekx8NBJS
79,Budapest,Brussels,EUR: 31,2024-01-18T06:00:00,2024-01-25T17:50:00,7,https://www.kiwi.com/deep?affilid=istvanpisti&currency=EUR&flightsId=0b77091e4d1c0000d757654e_0%7C091e0b774d230000bb00dd14_0&from=BUD&lang=en&passengers=1&to=CRL&booking_token=GILQ351XPFScwaBxYymeKo-cy5-DBrQzyXPweofiJI1T8V6ZmZScO0iN8P63yCEQLr8N3o28qq6f_C_QrIEeTS1mgqUacI7r3tvNuetZv_gRmKQEeJcqBFqw3GKE49gwcI6iNb0gX9IdrAT0Z6EefkXAECYnlEwp1CNl767lwF7WAfakXjTQdWlhF1_F4mVVDTSSiQlfbM2B8guA2NR3scWnos7zpGUPmxyRINncD1T1Lw-1IWff1_Igj9aEPwmBnZhnOk3BihdTDbqvY8R-Nmonn6_Ujd22SqoAT4kHIYQkBa0gpu8XBKRimf6QqcSxZw3BSLxWNC13oAuNw67NRhkGLnA0a5vCQD_Qu-mogNk29U2H8On71z-ITdaBVcvNmuXGmWa4Qb5nWwjeAuct6atYXzJhgGkxm-OmPC7mF7UMb8ZxTbpOkrqthX2cvJYIxmC_K-TpOKp9ULnlUbCqjiv3gpGfr2KeqEX8_xK8PUewOa2O6M3otff9cPwoQBgsqHX-uGWhv8SMLIxNXmMbPcXusxKfcjFqLPCESKukqdyw=
80,Budapest,Brussels,EUR: 31,2024-01-15T06:00:00,2024-01-22T06:45:00,7,https://www.kiwi.com/deep?affilid=istvanpisti&currency=EUR&flightsId=0b77091e4d1900002462cb02_0%7C091e0b774d2000003746afc7_0&from=BUD&lang=en&passengers=1&to=CRL&booking_token=GTE6Auf-CU585Zwnx5YCqBlD_EtAGRjA7eSaPL9s-PNiURNVT-48jlOwuzxqV190I973I9OK22M22XP-HSA6kEzGV2Xk-TkW45uRUH7NKOUCAYoK3L0vs5LcVG3S8X4qyMNlM_SlE-neWNqPczHYWkebhDUC69b-fmKC_1u3Otp59aedmsLnLsQkp_UAJOz9iUzfI2RVs2IoACYbpyL8u-POF1djk1Bvq4zxu5hzeedAn8hTh5TXw2EisCW7gZlqaOuUyG1C0UZebo-5b8bWEJhrtn2QVXKcDXlefLE2_Lg3ZTk8UpVyHj8olyKAeNwlCb6REelnRd4NdT3162oOXfUIgkn9S9TWs0edFlKs313BljqILUiikodSip91myJFLC_tTw9Ncx1LlusqNXQYGvFKcor-K7bUQv8p48tEdeCNVlygJ8GZWrPFJRtLIfey8QISnzglxJAYfb7iycJipOlhx33CbpzrK6rf2HHkX8jv_745BCYD9oi_86_HlQ3QQrG9WkUkhJNK2Rhjdz0vG7u97otanD4KLw6FIS8ogLsQtLIkhOtnOKf6bgb3_gPlD
81,Budapest,Brussels,EUR: 97,2024-01-23T20:10:00,2024-01-28T15:10:00,5,https://www.kiwi.com/deep?affilid=istvanpisti&currency=EUR&flightsId=0b77091e4d2100009e28760f_0%7C1f2b0b774d2600003d54bd03_0&from=BUD&lang=en&passengers=1&to=CRL&booking_token=GVFkcA9-co7dl8Tg6jQVe-dKHdG4rR8d0Qj606VYqAAIxv9qw95zmad37L2GDKu4rPzrBykDEwQIFhOVixuTrWz30b4k0D2x5_lfhmZKIL0qYx6OpODQ1dpTPiHnVPrlWxBpks29avlBam3kiSkbWXPrc5dMKuhVhpW8IBli9srjcXAmELgNzHwx2szYvJYXgMONZqNXGonS-w2kxfZ66gfZjNrqrDBcG0ScdPKLnknDJ55MjGAvvjJGJF_nBNr87jv5vcxICC63wtPGrbHLcNGA09GzAYimBEPz6zhiF82XlUkpGZSWqLkh43eQkJy9IFTsTsVLRsIP8XJevkwwvjTYFxOVKt3tMLqRNRe_i4EcD9zNQ5Hy1Y-GLfRIVxjNt3EAn_qBFPQHtmaVf2yIW6S3SgpjFbgOnjpGOKst3v0lvlEVFNYHaCjCNaADW3-N5R87KqZ4eHDwhabme11grSPIS3icoRwF_qsaMalPvmRPB-qZMh5z-CB2uioulspeQ1u9D3ih79gmy--22oOFA_VoSPpG8ShKbRImfn3Q0rQFyHegXIUs9Gzt9pz9DfH99IHW0mYR4MKQp3z1yYUk3Vg==
82,Budapest,Brussels,EUR: 97,2024-01-18T20:15:00,2024-01-21T15:10:00,3,https://www.kiwi.com/deep?affilid=istvanpisti&currency=EUR&flightsId=0b77091e4d1c000060c3f022_0%7C1f2b0b774d1f0000278f600a_0&from=BUD&lang=en&passengers=1&to=CRL&booking_token=G-TSIIFftn-1g0Lf_z6ipUmWqnoVTzwzvp8qu2ejbCJv0w_adsxtN-mt_ZMaehzTPbsPBjm22Ko-NXUARhDW3ZpiFFeBTd5_otpBrnMQxgRR_w63A-NdIJjvhnHi-mX6_S7RbAiPYJeYnxDEgLmIj1BxqnTS1VMkEGb1qDdEFj_ekKeWfC-jxvcvw9uCchSWBbqBeK3JKX4xuS2nHlBCh7KMazHnwIUAzhUwa16ROaW9r-Ert-3BA9uAvD63Cy9vwVdtervP6xPH3XTgYzmlFABxH_Xg2Hnee5j1uHPoaSeH3xGQITwbt-ZDjkJCu7MTObDxrXK_9yy04zXrsQ45n5wqr2IVT2ilOfLlz_PKwBcXLyObKdNhJKr79T9swQxuQqYZXK2t2Om5OR5xj58x9bK8FB-asNAvtm8K-FZAYAusDMQe0ihpYdpbZTQoOzlCh1wTbYf4F-UyvMre6-h8TvIoJh2NZd_Nl-kg4Vz44HvBeIAFLGC3pV9wzG99Zmklh1IhSb4fj5-DyoQ9Kquq-vltB7BQ6TuZUnWkB7U2cjXL3ma55N6C2ga98K5aEqD1p
83,Budapest,Brussels,EUR: 97,2024-01-23T20:10:00,2024-01-25T15:10:00,2,https://www.kiwi.com/deep?affilid=istvanpisti&currency=EUR&flightsId=0b77091e4d2100009e28760f_0%7C1f2b0b774d230000960daa8e_0&from=BUD&lang=en&passengers=1&to=CRL&booking_token=G8KGdiA6bctrJthOiSNGKx3FxFJQn2yozBqVIKW9-kXvov8QyyVc7iP6VluYHCUat9rf5XUPFumtercHv_H9tyAfpV6dTua9lydKKQ9WOZunRvsba8NW-1pPb5DPLdIOfahedipWlco7dOt2ICvQGQJxvABHXq8UtXxb5W4aAEqQhn5E2-Sve49h93XtmvgADq9SY3olbkvQM_IDRmInN9sDprmchOM9h5baoy9a7uiTFtDJw2WJ349cg6hB-UiiU0GemtzqVPwOpef6kulmE3CgmXmSl5r1-xphQvOvHQExKzi7018DLLJZWms61H575qOt3TFZ79LyX-kbr1YqCYdHkjqUBMQjp5cHysLg_1iLLGcFwZQNjCqoA3nzcpCd_QXOHN4ABKhqNjWYEB1OaM57bsuHmiNX5vj3Wkjc6tKjkISYB2cq6RRIHhE8PK8-kdMmzWbSGKzRQ5OnwzfAZeQ9ukDtYiqIVuYpqgNWDiis-ykRAXwHAb6VmZtBSTGziemkKUHqvEHUVyB59AB7i6RB-LKyrHGR8u56-xhEXealj67APBFhRRr8rSV8uCNyxRBrB6Q5Z5-aHl0QzX53-KQ==
84,Budapest,Brussels,EUR: 97,2024-01-17T18:10:00,2024-01-21T15:10:00,4,https://www.kiwi.com/deep?affilid=istvanpisti&currency=EUR&flightsId=0b77091e4d1b00005d6c7e8c_0%7C1f2b0b774d1f0000278f600a_0&from=BUD&lang=en&passengers=1&to=CRL&booking_token=G7QD-o2cFNK6EifeBI4x8HniV2_9tlLehkZsJU0FSKS0NLsC-WkDW48fAKcsmygHoMCiwMmS_YrGgnTU_W8NoAYveJioN_m2iJWwZsXKS-k_0rmlwhRQsww1hC-_F7m4GGO3QnyBVnQLn7PyXwBKJPlp__BnkCdLJMqA3LcJvv7c5OvJEmRHrCsZMs0VO3CswvXeughxmXfPvg5DUHjqtpV-nX7mND1jJx8G7CFJKpGMPOSR8IEuVnST3qRIPfaOZlIU0d9E3E7QqR_PFxZMpUFL6FB2l_bQl3mjzJfA_XjB_fozgL4B6OSwVzu3nMpZ1uPgNfLcYst6uARwcCX9AzMYSLB9H69PjCTBuxVs_1t2kiTmab3xH-zqdo_v-hLWwL1MXY2oPs_dXwFyA91fCmmVysMYNz8hbgOxzv4JMDjbGv9V8LSzSAbV_NU7EGdWM9HuU6kvhDzJ5P1AQSo6SO4eH-ElzvZU9hloCDuBARkvpx59jDrY_aiUq8hIzcTSbGx-XDrcjAdPsmOdN5RVJIDgRWZaFab8oqJtTyXp8_7avEFkuBiFOXnBb2eCauuPHvJVesi0oCjY5cUISNOlS9A==
85,Budapest,Brussels,EUR: 110,2024-01-29T09:10:00,2024-02-05T15:10:00,7,https://www.kiwi.com/deep?affilid=istvanpisti&currency=EUR&flightsId=0b77091e4d2700005a740122_0%7C1f2b0b774d2e0000bf63ba1a_0&from=BUD&lang=en&passengers=1&to=CRL&booking_token=GJxDTG4iNQPq7aW-7Cf1T9nf-ee24pri4kqeLJaRk_-CjdWgBiLdD2wdT7eKubovxElwSgeTukCYFfKoxdFaqIQsKZP6Q89s7xlX-dVwbAFUBCSZe4IZT4XuywzguuYTUGTE3aYzMqDihb4EHfuIYXz-VGEDG8WdFpaGy1hq8o2D9kURb_1WCBSvkp-7GN2Eu0KH5lueBnyJx-NKKxA_zqFCPUquz97QdGuD9uU2cRexrn0x97q-VSJ8IaliPbIoDu5qsSA4FjEak2-r4tGiBbpzapHR4jWqOyXg-bVt6SS8Kt_IZxsXC5vjaDWw34bXcKVn53l3sWSCLlqn_tAG4CWEnIxb8O7FXJO5uaNEvgE8-MP_T-GvO_26_LncN7DDAs43wSgDJMHBogOuBIbvHiBlLRwzGx2cYm0o22v-B5QOBQlBLPLzYmIm5vRCjvJs--6Kn6_aAzbNKbft1PwqhIraRNXxONPCJeQUuh_XVM7WHrM8WjklscSaiz9KzaC-DUPKZz9DKU_OSdjEUEnYwU1F2StwB2rswviqlOIv333gZvPUtsSsrfLD4hWtQmWXHzhl0-Qn2KnwYVfEyDSGHiA==
86,Budapest,Brussels,EUR: 110,2024-01-29T09:10:00,2024-02-04T15:10:00,6,https://www.kiwi.com/deep?affilid=istvanpisti&currency=EUR&flightsId=0b77091e4d2700005a740122_0%7C1f2b0b774d2d00009821c857_0&from=BUD&lang=en&passengers=1&to=CRL&booking_token=GPXdQqHG95so15pxab_7ygnrkOGRuRC1f1CaQWZEVWQakLHItbc0KqpK_KVws5XtFcey3SA9nyQUZmEu8cQ4lU3Fad_AcxVgjzJdjhRgV3eZV422p8TB4xvjWxoorSwX3nq1jTvsFJTQRIlCVhQs3Tz0X0eCY3pCa-zafadpdE5JWS4JVKtvXy4D2Vq2X18Gley9NI-qauSfWhoUpOa3HShD2SgA2Q0Y8xFzv2qhFtPVVBdvERWwHq3JPhLACQ1sZxOUNUOozpXSyTaZYQk4uasBv_961Tb-oOGDluDJd8BkZ7AdilygJOVQtXmHNI2Inzgk9MUGq3-mqbJd8uj-ko4jMM_Hs8koEffceDHpdaERy_uVl1OipA6F7pHo_0gDRA4QlAWbnFvFtDbip8AVU1nzQ80jVGGOJ9uULSw0z2qrA8PM_N1qCL1RK5-IkoakfBsiQq9Xr6BmdH_J-XbPrAmArW27S05moeiTzDsP-JNJ4C4qgxTIeAGP1lR0o45AifWRSgAXu0Ib98YfztrXuZwTH-6d577Dy2siuF7kWJEToygMQzGTQco0Ffz5TCc4p
87,Budapest,Brussels,EUR: 110,2024-01-25T20:15:00,2024-02-01T15:10:00,7,https://www.kiwi.com/deep?affilid=istvanpisti&currency=EUR&flightsId=0b77091e4d230000535ea463_0%7C1f2b0b774d2a000021a537b0_0&from=BUD&lang=en&passengers=1&to=CRL&booking_token=GDEVEpPM2w0sinQeR12t5s7BFju8smaUXSrvUxOtWf5uIU3VgTcdtTPPrzaEXQz3vX26v2q1A1iAE8k0lWCoZKMbwgFXfZmkBKmG4GP9dwvT1hZbEMOG3DHTCRd_xKy6eclgJryRt2Gi09voYMYR9uhvDQiPj3YNtFm8k6J3k7ut2c0tnUk7Uq535AAxVPN8-GEyGNp5eq-bPLQxYqzl4ue85EM1GwTZ_wwW9spwgHC4OXrMo9QhTXCrJDWgE45-PuZ2PIYveoxDb7xqIf8s03tKRy386kJuSAUN0W99X5OrDQ08IP-UmPYp56xwzZW0wXwzsgLcIKGxpB9C5-0WVbumXuiPXw0pQNwjIHczDnMFwAHWo0E3U9uKh_hNJ-8hdQ0WbNxmM68i6i0rmSHVzbcWvbfY4BB_1-tufJlCdw2iNo0KKyiASX2T0rNBwK5rFBniQvl9xtUGrQ4NmS5cMoI_VUpQlW9uOPV2OghMgAqnIZKTvFx_lz-GM2hb0IaP8649DYpG8pBTOuqKa38V-OTwmXErnFPYClIwzaoF46Ix3zbZ6gurICtMPrkR44si7
88,Budapest,Brussels,EUR: 110,2024-01-29T09:10:00,2024-02-01T15:10:00,3,https://www.kiwi.com/deep?affilid=istvanpisti&currency=EUR&flightsId=0b77091e4d2700005a740122_0%7C1f2b0b774d2a000021a537b0_0&from=BUD&lang=en&passengers=1&to=CRL&booking_token=GZLCrBYk52iERsZd-ZTy8LndAwWHW1CsW5ESBCLY_UNuoX3Tlx6mKxTox8-kueyvv1T61ZbKoAT1c598B4GxOLDDldLbjeMl4lzmY8S4VdKliLaAiYa3VRshHi4QNSiZbsJKRU6EuFPYG7vHvU_zenn7wKmcMRfDQnyS-3e2Pqn9yWQSd-LmQ0uY-XWfo6VzXxGYSjM2qntXR_iRY3uREnXV7eD54gMoVyB9D70H2VUkIvFDDwn819le6b21XLcCXxU-ijdXsHMCXMEWD-n0FUPvE8-Ee7tzgQdqGlv5gSMsjGX1BoveNFvdlQS03WBGEkopmOIU5AkWvKn4fD6fHOJ5wt8yfGUOWTW2WwXQpnXq5ReCGFC4oWNY-c_S0urDbjwo27Ki_-DHTwNSv708K1_fbTN3mvgoF9cFOPaRK8To5x5u-dHQbmHWMeuhSDC3DkRV5YW9evJNuzkllA3RwMNdipZFSs5_2klefz7cOG88nooJShjFvH-PhP1BVIFFJcvE95-bJiZNrW6f3hP_o1ZyU08SDWpBW0rtON3HwR14W_KNGEPjRo20YYKp7Jqc-
89,Budapest,Brussels,EUR: 184,2023-12-10T20:20:00,2023-12-11T07:20:00,2,https://www.kiwi.com/deep?affilid=istvanpisti&currency=EUR&flightsId=0b771f2b4cf54cf8246df2c8_0%7C0b771f2b4cf54cf8246df2c8_1%7C0b771f2b4cf54cf8246df2c8_2%7C0b771f2b4cf54cf8246df2c8_3&from=BUD&lang=en&passengers=1&to=BRU&booking_token=Gnqb-KH_lvvOvl-HB0DWsPe3_BDTZg4WrDZmwEe-xM6kYPsPkoyBgBhvy-YbfDrLVaZBSwmPr6XSbuEP2kirP231N2fpnkSBhQkDY9vhTdDIC9cR2KQ5-tY8PE_3x6CGlo0VWMHGw1BysF7OvAg5q3YqTA0pfTplawLVPHl6p-zTsVfZvq_phxOd5j18A2teDml3FKkRufbn5nuQVN2Ji7HXwTdfLujQBWrShhP8o8Rm0g3iBxTVUoRROx04NbauVsPdQWssBHkrweIj8pbFfVnHOoXerq0l5yAn5l7jq8CHGvdQTF3wB-jmx7IHMv5fAPSL1U3Gw-zOUeOkRzVmUgXBn_FJFKFhUPP9jgRsJCpwGRPp5txl9a1D_Gj4LE-PaNMYKewj9mFSCyvXWxbAj3UnhYxfTZssU9q4YJ_d7vTg5Z1aXxUeDprSlEM5eQoDVq1xjNZd0YxaFQ7MCrHVtabH1WjM04Q2P-niSH6lvhzwfa_I-maRIY-rMj09LiwjCN01Sj-uVQ74ZFi_hlG04onhUUxso4KRlVdEY6qsCSOV40L8QoeYl9o6iRRlN_vOE31DsJ2AnYOxv0bOkQW4-xA==
90,Budapest,Brussels,EUR: 184,2024-02-07T10:45:00,2024-02-07T15:30:00,4,https://www.kiwi.com/deep?affilid=istvanpisti&currency=EUR&flightsId=0b771f2b4d30000011fa1247_0%7C0b771f2b4d30000011fa1247_1%7C1f2b0b774d34000025dad0d2_0%7C1f2b0b774d34000025dad0d2_1&from=BUD&lang=en&passengers=1&to=BRU&booking_token=GqPIZ8Liy7K24u06VnndIwLOZEMeVN9Z-sjLUpQouHRnrHP28-nymnSGwB6C0XOYAtR5uhOMcDU8IK8m9IBpZRQn3vjpWs1Rg4ykAQmDl4Hh_9mygmBg3Fnw9wmbfC1wiKDoiME5-uwZnZDu8MxQCJYeKxnkr7A6ZYsQc6XF9JUndhywF1dY_2X8ddqzNWICubWXZwa9OCqDRYK-R6g8LzeEichAXyoxNR-QzaxwpcZs5lK-PYgxvycRKgT4b0Gj_hzImf3bW2ImLPUw6vPyJlC0TuZmW5SNyDqFa5LOSb3VcyKC_-fqXepp5DwAAkiEf--wV2-m6shyusi8-oEer49V-4sQ4wQIyC0l2nJA3teH6Ib9jjgSj0tpZWGbfH3OgXWN-tjyM7P2nxt3EeHFueHWoFJId5oCnzBUoXXWDQQ1TR_hgQSvnyLjyFRhs78UI9AKkERfQto5A5_PY29iJ9XkHIwEXJ_iwHF3VXln5R_U3WgZ4lp7extePt2lz3iuJP7gsiwTxcYHVEnUOio7fFN6TZS39LLHBCNMy8a1Owwcio76OnbX5chFRd-4F-VTQ9XUWjSNy7KDg2nPiuJqksLRk82MT57p0hdeZDYFqHdqNT95tyq98BIT69jqi9NlbMroh3h1IUgMZOAIFJsXZSpDGbNgQc9AmYnv7gB-W3gn45Yrf1uPmyW5oK0rsKjpXjr2ReNjroTwIRdWYau7M2rEri8gGIXX_Apnt5dGDqg4=
91,Budapest,Brussels,EUR: 185,2023-12-05T12:55:00,2023-12-05T16:35:00,7,https://www.kiwi.com/deep?affilid=istvanpisti&currency=EUR&flightsId=0b771f2b4cf04cf725244a1a_0%7C0b771f2b4cf04cf725244a1a_1%7C0b771f2b4cf04cf725244a1a_2%7C0b771f2b4cf04cf725244a1a_3&from=BUD&lang=en&passengers=1&to=BRU&booking_token=GF_iErCENKiU0XG_35I4KNXy6-zhg9qDDuGgDkcRFJPf5UnIh4I0nqdrq5it1xN4CVnbmhAigO5mclG9qV5zuj1Xt6D1YLZKNgJfih6S05vX_7rjpwsWVxyWdj0-YQJl8gu7k3oQgCm6gY5ON8evrh6Ia1qARDA3e8qFFhuw6m7sRM9jHmm3qqmaOPQfH1oHrf3G3QmRFTQLisqbYgpWv138fKbHKyYBPMJEWIQHBQG0ikll-z2fV2pg_wWNrxSFMnwzFHGW2IXgaqKZ7ZsLG5FNT85kJ9Xh-jYvnwuZBBzGpmr_TGLL9TVgxqFlqLsJW1p5Z0z-NDQTokgd55nOvhBAMReIRww778fyyAdqIpRy00YBvE5YtSHNg89h0mILsgwukPqmYZR65eVYadOyROL8vdnmPSX5HKIgmCRsk_T1MZIDgLoxj075SMM2F_lJVzzWI-F4U1EtPT_FmvYKKoGc_7JCz-JXQGjEoUNsgHcXOU2z1ANLmrho4-O5ggMzuYvJO8u3yRTC9txwXWBt5zFxfRbcIcik9KSDr2ptYzfy2GGsAQ9j3rNrtUb4DL9qC
92,Budapest,Brussels,EUR: 185,2023-12-05T17:50:00,2023-12-05T20:15:00,6,https://www.kiwi.com/deep?affilid=istvanpisti&currency=EUR&flightsId=0b771f2b4cf04cf6a70a8678_0%7C0b771f2b4cf04cf6a70a8678_1%7C0b771f2b4cf04cf6a70a8678_2%7C0b771f2b4cf04cf6a70a8678_3&from=BUD&lang=en&passengers=1&to=BRU&booking_token=GYxhrS7aDKhOyVf2mwNH8VA5l8heHO_8crOZBWzMu4cihrO3yI3fnuv_L9r_nehrnRBNovbnEHJC0_hUglkST_FhKOHFQlN5BizPddZxuXDEd-cszsTrYx8FzqeDYEvHYzqbn-w1qNR4yzR9T_b1SwvJHFm1kmxtDzrgUAnGOXlAgFqjfSlHtVWgfli1CeMGM2tuv1BtBAh-MslLt_jPG2JfC4wlVS7CVGnUsDHy1cE2dd95WSTAya22sDqWsTH0Xv_H-gUeKMjBj__jwKc4iZLL5Aziq-YeqOsozGB8Z1o0HatX1xjHcV_t_1KidzVhCaSzsMQh_S33gfSAvvNvStcL1b5pmgVNkU45Mx2pLQ-xRjG0T4BOJb1aE1SVnvG_Zop_ucaVH0YeI4TDm5UzHjwrgntbcI1Rkp0mnhpG2XzebsJY4Bg71chtK9klX4TUmIJo1h2AY0gW6BOb0qOQQXPknzQnu6HcG3XqFVIdGBSltV1EASMicJsH96DsICkhkUcnJ11lhyxXCEWG8mnYAMLH8IFDWMgcFDp_fW2qJnQo=
93,Budapest,Brussels,EUR: 185,2023-12-05T12:55:00,2023-12-05T16:35:00,6,https://www.kiwi.com/deep?affilid=istvanpisti&currency=EUR&flightsId=0b771f2b4cf04cf68dc57186_0%7C0b771f2b4cf04cf68dc57186_1%7C0b771f2b4cf04cf68dc57186_2%7C0b771f2b4cf04cf68dc57186_3&from=BUD&lang=en&passengers=1&to=BRU&booking_token=GRvHXb9XC-w47yg4aIcEbqNX07__OH_1lK9LqCKAc1hyph0ROlAIU8_65RiOnV16YsXVc1Ds7QedIeJfsQRGmRgbeDd7EKpYb4kwHhpT24Ryy19nK9Bvzcz1on5TF7rvf68NmCuHYdvRibvcOv87DOTqym5z8Gf-V1ERlSgWfYzsRDefD2lCWbPW7AJP4F7P8g9AjLQ0PLIimPDXunDPQM0bjhYhrZpw5OH9DJO2cTXN0X8lPL11wD-Tb5UfOgBGPojjWNFSQsh7Wk2OUoGHafw90i0U9WyoedXYITZb2pabQFp1TQL9-zD0CRjY7zprgc0v2AcOYsmMRWzOdT_I4Q-n4jy3LQULsr_gp5t3JYvbTon5KF9vGD2inEKMHvOlvvojW0sqzH-GE--EEJDzXo02lV7Z_gMLyBdqgHH-o875o9QrZpoGiLZLpTLOhLHBFw5thz6i2-A7KkkH2_YgXawAtpkBG5BA1Avn_zNzP_P7EudWHFceTakpRvRYd3oYWVD_7qpfMkssaOh1kgrD5zs7izgxJTxvz4ZEvcUSqhmo=
94,Budapest,Brussels,EUR: 185,2023-12-05T12:55:00,2023-12-05T16:35:00,7,https://www.kiwi.com/deep?affilid=istvanpisti&currency=EUR&flightsId=0b771f2b4cf04cf7d3ca0223_0%7C0b771f2b4cf04cf7d3ca0223_1%7C0b771f2b4cf04cf7d3ca0223_2%7C0b771f2b4cf04cf7d3ca0223_3&from=BUD&lang=en&passengers=1&to=BRU&booking_token=GEdxplxVcqOJ7nzS6FZqA_6SXs-hBnv0L755QSdgEZqO5tV2zKYwGIv3gAORDxmfev0G_Q8zEbt8TOKQ-We2pjXNtqPpU776nv8JvrdakNSOhgb3A5wRX2Wtt7XZrydGuZtrlwpVF69UekEyIN3khXRssc4k6FmCFfJvYpRAOHnneE3Dot3mthFYq8Ujk7vNqjbTUxr1XDhlAbJum0qgO4JcBQRhD6salGUYUQ8BqEhcMMK__OmnqvIGHkKlYFLFB70WI0Z8LcD3sfwyibtpMtOFuypEDyw7foHWmL08FEnYS2P5-5iZUQprABpWoH9dexpNi-N2xQ685LUB8I2YHVYCj71wEqLyRLexgvZKEaAPAVTZYIvIcNzHH801_zaqUU3LJo7BStWoRp3dGm7iaLlEpqV6yzk6Q7xf3mwnQT8sKyLK6frATTdFv7K2eeDH3uAU4rdiAUi1Jz5x3p-l5LogCVEXd0NBIOzAQ7nZRPDQnCxHYS3UZ-EYrs3Hno1XPj9bOgJ9PMEZLqmIXNT4ay3oUlMsMVix-g715djQHedk=
95,Budapest,Brussels,EUR: 206,2024-01-22T10:45:00,2024-01-22T15:30:00,5,https://www.kiwi.com/deep?affilid=istvanpisti&currency=EUR&flightsId=0b771f2b4d2000005e78470b_0%7C0b771f2b4d2000005e78470b_1%7C1f2b0b774d25000051958a8b_0%7C1f2b0b774d25000051958a8b_1&from=BUD&lang=en&passengers=1&to=BRU&booking_token=GiVBFDtosxHhf7rwJ48gZfP7qANfmvPoEfpJug644mcfNces8YM_xFD18It-9q3oiJD8KQ80_QVtPN9LG83DAGeqlsyKFecVPD92UF_g2iPEN-BWUtmDjKsAOIrQHD2KYn4Y2J9fCTSiFBivlfd9dpd9uXW27KHIXgTucppjWQx6HIDu0d55-N34BzgFH3DatyeATMEZiVFKlHU0xlv8R1vkSWRI0X96Xs3h6faRZm6nsuU_fEMBrNaLlpnHJzkoSjN3dID8De4s2UIGfHiIbJ2NIQJ2I_jPg75AANEe_ORAlpsEYKMgyrlvsizDh9AtYhUb84WykYsXMwFWHix4hWsGdY3VMb6FK-0ZF_WRaSGGXW3jV64J_Phfl1gUnwymOE9PhASAyUj775hwqQQgMwTINLSC5iG-baaBnnwDnv-XTRIU2MWGoN3ktAsLKi_DoULKvTo7J1-Es6p8KLz3jXO4zpJssj3LbO-9KjNocweqHqMHf7NquatHgSrL_BIaETQmsT0NSCIjLiFFdUgu9xIvp3-ZyTYX9N73-4iI4AyxYAjTntP09JrR6AXTR-YVb81QHpiWfIt_C717oSp3dWU34_CPsYUXeetVAPw7naXUhtr1iqgIwu62Y8o0ycPyQc9xO2A7hK_MHsYJ6pXF26jGp_HKh7OqdjFf5wc_Ccw4=
96,Budapest,Brussels,EUR: 206,2024-01-22T10:45:00,2024-01-22T15:30:00,5,https://www.kiwi.com/deep?affilid=istvanpisti&currency=EUR&flightsId=0b771f2b4d2000005e78470b_0%7C0b771f2b4d2000005e78470b_1%7C1f2b0b774d250000fc9dd9b4_0%7C1f2b0b774d250000fc9dd9b4_1&from=BUD&lang=en&passengers=1&to=BRU&booking_token=G_SMP_rO33vjT0Ws-jCBiOkWbeu9saLq5l9OdNCCh-6-CERCKDxRO9CB1RfRi2Z-8I12C9ScQa75PMNVy7GcC-hCJuYl5eEwf_aqJdyKzOUmnriAIEcS9YxVsSh0gYD8TWlU6uHB6frhVZUedkwjNMbPTVtiiGTg1haUpCh1O4PoTMBXt_G2toI9_Y8cBhpXy232EwH3uctICRCDcjj_CzDShtptrFxhbdqNOALUXaOyN1_f6QNy9NGBuo84z0n3E0dEp8wSYcjbvz75WVLBFUbOj4yeDOLzGLsq_OrhUPiTt835lb0wlggzZboConzkYv8QSfwKdLZ_aOUp67ZCqmjDFVPlXFfKriXTMwI4PBPRJbCztCByZN9RabYfnLu4dRh87kKAYrUR4DRaw1bNbOLjLj3wrqUv0axDfCg3LssyMv2RDJQ1TIhydxEuqnZzHwhp0WCU-umBXxtQ38hiTTjn8KZjvobr084OH515dZuR2IUKsLvdn39amI-J6xI5PTWggyS1niNDZV_3R31eHfbgYce0n7qxog-mclN8-E0BhqwWOqnglRViiw7ZW-vcG4K7OuWIV__kfeRS1bqVlomYoKUt_gRfCjnGxkqSWYJgxR4eOn8Uz5BZf6OQX-hyjU_idZYB5wQzmCoTjz833GUc-Uk8O9aMlF7HBp_1_I44=
97,Budapest,Brussels,EUR: 206,2024-01-22T10:45:00,2024-01-22T15:30:00,3,https://www.kiwi.com/deep?affilid=istvanpisti&currency=EUR&flightsId=0b771f2b4d2000005e78470b_0%7C0b771f2b4d2000005e78470b_1%7C1f2b0b774d230000e56e95fe_0%7C1f2b0b774d230000e56e95fe_1&from=BUD&lang=en&passengers=1&to=BRU&booking_token=GZEbA3ISN9rhY0sTX0txD-_bOGgig_n8dpPMVIhexGIntwiPa8ugbtr38o5VJ8Qp_KI_wLTuf-YveAV2vrTFEvpPgw1cfpd--9XpJjtU3ibLRQrQdB104S-swhXxio3_YNaNSEa6lUKahVRt9NjWUjgxCwMrHOCVL2_PoiZcEWFROwDbBYez7nZj62A3MkQ_bZpAA4rZhZKbIW1Klobdjq-RK9TBmBaNdlQAjFuP00pWKwPoaL13F2FpPfO8hS-rF0XflrnEOEHlyEaKVA4G78jB-Ng_TXNioDICtIYRkrkixxEVSr3FerFlxr2UmoOxHaqDiJuXI-Ah-G72mduGdR9X2ByWwzyT8ptIcNmk8s5_qpVMLvyiy1AnoAG9tTeOoGdGYFBPZpb347damd5qDgROcaXLdLUdBPErcRg7ItqRBPeJMsGzr1-VrSD2KxAj8S6wc0jEriHoR1P_3iauctx-CkjLTgYeCSkOyP_meTtUhjzNFOxG3uPNpW4gx2dBP0x3MyejiG8SMBgcPied_hYQjtbcLdd-93JGqu48-0vc234e0Ta9T6l90mPC-tvETJz4NeTL6FSCze1XL4BODQ0JFXC-w51d7XKgMGkvtadvHYSkoPn5w7jRi0pNWNIo9_42Pgbj1ZdQTSw6HiLNd7k-8dRT3pbqVwYci_i7czEU=
98,Budapest,Brussels,EUR: 258,2024-01-26T17:55:00,2024-01-29T15:10:00,3,https://www.kiwi.com/deep?affilid=istvanpisti&currency=EUR&flightsId=0b771f2b4d244d2752399a21_0%7C0b771f2b4d244d2752399a21_1&from=BUD&lang=en&passengers=1&to=BRU&booking_token=GXnj7kaLd1rU4fSgeQ9CUamIvmoSIxTSjXhjRpBDK33UnNTi1L3AqIb3lNvrHJCpT-JN78XazmAwgTpKfk1YAR9SFJH7xHggccU_A-IYit-aq7og93akSgRwBBN-zosXYln8D1o2rF9RMzOLN1wp87_WTNm1yUwLig9nUdtE-b-MspH5Iqgo2HeXwxIy8nFO44yG7NkY50sjSH8gi-C1EWK9YFZ0v99Ed_r5VejN2eT-QkJq9j4Is_e21TEbF6lV2sWzFHhtdpVOtCoVvZhtvATH9DuYq3K9vnn-8GsVD6aKKmOQyOFLb-69Q3ZPgRMuGRKTudRD4pwXWxXYpNfiu_ZGvuKZUQYuhKCV3eIzbJfcsoJ-fItt2Oxr_t0qktPkWfSiZHWWFuPm8HqIoqh9kjl_AjmPNLWB3XWOyOpte1RKKFk--vghHXOnOUJzT1MQ3c-PRv0qvF9tlqgEFEcI5wCT30VTQ1so1dZ4z54_KEYsi8OWKoBFsTeqps0m1_FCYpmJDaGrZuW-JGkd5YmENwgLD0a0qSaxVM5P1t2tO7cncXeJv0OtPYO86CS6Y9VDyX4ITS-BtrP2gW-NYxc6dg3skDaY_sH4ABIcf7hu0ti0=
99,Budapest,Brussels,EUR: 304,2023-12-25T17:55:00,2024-01-01T15:10:00,7,https://www.kiwi.com/deep?affilid=istvanpisti&currency=EUR&flightsId=0b771f2b4d044d0b7025ce86_0%7C0b771f2b4d044d0b7025ce86_1&from=BUD&lang=en&passengers=1&to=BRU&booking_token=GTKkrTmbosIzTXgWO7auubzW65j1oHa5RcltSlhguMStQSaHpLKCcFPUNw3D5B_BIIiWRLrV1zKrE2JpjWBuIfRqLHvwzGEZZA9oUdRBXCdGqB0uVQsqL43lmMSmDTsAgmsTvbpx-lrNGcxOXoHqiw1L1-z8geVSAkPKWGQneRvpP0pzmLXoXhC3NFjJzYE_I14XHuDdXFRBM3Q8obk6-FwNps6zrI5J8BfGPXlI4xvwWZ0kFlqAOqXCnMhQaSpF1EM7sP2--MmswSijbkTHN9uvIBAFaNtyBaMsMu1Svwh3mqQ3GJXmjt-1xtnV0s7oXuYUAdv2ZU9XlMIwBbDVLVFBokwAeul5XeXWuK0q1dy2qgd_MYH3kJjUdCF6ZvIFmvaZqAZOM4uo5jhHcgvUHfH6rvkcKdRTJ9JT0_f8IkXy-xCXRURi7Q_Wht0-JEYDKAUCS0FrA8YGxXtyooqB15r7kMXx8yVhAnIf15Qxxty9uOBZ9maZTy23FzrdkhOU3A_yzLgvVlVSbI01bgg6RHA==
